mineralization,SO4,Cl,HCO3,Na,Ca,Mg,K,Ba,Fe,CO2,pH,Eh,t
4015.9,28.3,1003.9,175.4,720.8,126.6,24.45,18.35,1.358,0.86,371.9,8.38,260.0,11.6
2743.6,53.59,620.7,234.8,579.8,84.87,27.31,0.05,0.843,0.478,526.0,7.9,304.5,13.1
4396.7,89.12,804.5,454.9,758.2,17.97,32.81,19.48,3.795,0.938,599.8,6.88,150.2,9.9
7434.0,201.38,1097.7,1453.4,1498.1,248.28,78.92,18.83,2.277,0.635,1120.8,6.1,375.3,13.3
2590.2,0.05,556.7,368.5,275.6,141.57,34.42,11.44,1.032,0.185,323.8,7.93,259.3,10.1
2590.3,74.83,517.2,172.5,603.0,37.6,56.2,11.8,3.206,3.546,292.0,5.97,341.8,12.6
7688.9,0.05,1728.1,1072.1,1692.1,468.79,95.58,47.79,1.258,3.836,927.5,6.13,337.6,13.5
4724.2,49.85,1000.4,274.5,807.7,235.06,10.94,26.96,1.329,0.496,613.3,6.6,303.4,12.2
2249.2,28.51,522.9,367.3,583.8,56.94,54.25,12.8,0.649,0.134,171.2,8.14,281.3,9.5
4127.9,121.77,632.6,417.6,1140.4,153.43,34.28,24.3,0.643,2.685,621.3,5.9,273.8,9.6
2257.4,45.91,555.0,262.4,278.9,162.45,32.8,8.09,6.341,0.475,372.2,5.87,243.7,15.2
2254.2,0.05,428.0,390.1,392.8,123.24,41.87,6.91,3.088,1.0,252.8,6.98,298.3,10.5
3446.7,18.01,978.1,236.1,599.2,138.47,57.2,16.36,0.12,0.133,341.5,6.33,270.6,13.5
945.8,21.73,137.7,60.6,154.7,33.34,22.47,4.22,0.494,0.513,85.4,7.21,201.3,12.2
1059.0,19.92,282.5,102.4,285.7,43.98,19.94,2.52,0.38,3.149,201.6,6.85,311.0,10.0
2127.3,24.07,404.0,343.6,443.3,63.32,17.25,8.1,1.479,3.263,,6.8,278.1,10.9
1623.4,20.76,239.3,96.1,331.4,0.5,52.65,4.76,0.928,0.464,237.2,5.84,371.0,15.4
3599.5,109.58,560.8,24.2,359.1,291.0,59.59,4.65,4.389,0.819,404.6,5.92,69.0,19.0
1728.8,21.15,283.5,176.3,446.2,74.52,23.89,9.65,1.018,0.288,190.6,7.96,253.6,11.4
1277.4,23.86,257.0,181.5,186.1,61.27,29.01,3.97,5.872,0.154,114.2,8.16,177.5,11.2
7182.4,377.43,1480.6,1206.7,1606.0,278.98,122.07,50.98,1.294,9.7,583.1,6.2,,8.7
2603.3,0.05,393.9,264.2,616.1,65.86,47.36,0.05,6.825,2.132,389.4,5.84,306.0,8.7
3104.2,0.05,555.0,321.4,936.4,112.63,108.45,5.86,1.154,1.562,249.2,5.66,106.4,10.3
1267.9,40.26,364.0,210.7,179.4,10.16,16.23,3.89,1.176,2.901,175.6,7.32,263.3,11.1
2150.3,21.12,572.8,97.2,83.5,183.94,26.79,11.34,3.035,3.666,265.8,7.65,253.0,11.9
3186.1,48.51,643.0,332.8,736.1,48.78,50.76,12.1,2.692,3.287,478.3,6.62,,13.4
1494.3,12.38,271.8,190.7,490.2,28.93,35.22,5.41,0.304,0.033,142.9,7.54,265.8,12.4
3734.7,60.14,694.7,515.3,1099.3,116.5,11.01,2.78,1.512,0.414,609.5,7.64,173.8,13.4
2078.9,91.43,438.0,207.1,483.5,136.71,0.1,1.43,0.92,2.128,237.7,8.31,469.7,10.8
2502.3,80.15,322.5,303.7,476.7,100.82,25.78,9.12,0.857,0.942,,5.69,370.2,11.9
2077.6,68.42,347.2,42.5,557.7,31.74,4.01,0.56,1.505,8.089,115.2,6.08,256.7,11.3
9057.7,0.05,874.7,848.4,1463.6,589.53,105.08,17.54,1.059,2.19,1966.9,5.71,206.8,9.5
2956.9,8.08,591.3,408.5,735.0,161.51,56.24,11.83,1.651,6.272,,8.1,300.4,8.1
1580.3,0.05,335.6,127.5,395.6,80.23,12.44,1.64,0.468,0.45,203.7,7.88,326.7,10.7
4883.1,38.38,761.0,597.5,1384.9,265.22,17.51,30.33,0.216,3.99,467.9,7.22,275.5,7.0
1433.0,49.22,370.7,197.6,552.5,125.94,22.29,7.81,3.128,0.775,82.0,5.75,148.5,9.7
3378.9,93.78,401.1,359.2,822.9,282.82,74.0,0.05,3.517,9.125,334.1,6.32,229.0,13.1
919.8,15.34,98.2,116.7,174.3,24.16,1.32,1.04,2.975,0.343,96.9,6.39,,12.4
1343.6,26.42,256.9,109.5,293.5,97.38,28.97,0.05,1.445,1.453,171.1,7.18,279.0,12.0
3354.7,32.43,779.5,374.8,382.0,159.9,72.25,4.81,0.981,3.149,553.0,6.27,281.3,14.4
4642.8,107.12,1226.6,670.5,827.9,232.06,105.08,21.04,0.742,1.134,592.6,5.72,323.1,10.5
3303.8,104.03,518.9,417.2,645.7,20.33,81.76,7.18,0.602,1.263,424.0,7.69,384.2,13.4
2781.1,0.05,650.6,268.5,524.4,101.77,90.71,10.91,1.296,8.589,376.5,6.4,351.3,10.4
2488.3,60.95,443.1,320.9,570.2,59.08,30.24,0.05,3.449,1.108,123.9,6.86,309.0,12.6
1227.7,41.72,210.4,182.4,209.5,69.44,19.49,5.64,0.677,1.853,65.7,5.88,124.2,12.3
1935.4,26.66,433.9,73.6,556.0,118.88,22.58,3.66,3.454,0.112,116.4,7.91,368.6,12.4
2261.1,68.99,480.8,376.2,497.5,0.5,33.95,6.84,0.233,3.693,237.6,7.2,331.9,11.2
5621.0,349.74,568.7,598.9,1233.5,222.36,153.25,15.82,1.727,2.089,253.7,8.2,224.4,12.6
3663.5,67.54,929.9,502.0,733.9,228.74,15.53,1.67,2.052,1.035,338.5,6.99,253.0,12.8
1035.0,26.81,257.7,173.8,237.3,37.54,8.4,0.72,0.827,0.033,67.6,8.32,256.6,9.1
3620.8,32.33,538.5,235.8,975.8,197.63,94.2,17.87,0.432,1.791,505.1,8.18,206.2,13.7
2366.0,53.75,472.7,216.8,397.4,111.26,54.8,8.99,2.808,0.025,325.3,7.23,,9.5
1985.9,53.43,406.5,215.4,358.5,93.01,24.02,10.13,1.455,0.002,214.4,8.3,138.3,10.2
4302.7,98.63,830.6,381.4,868.2,148.76,93.95,15.7,8.353,1.915,189.3,6.47,159.3,12.5
5533.6,26.03,843.8,1048.1,770.5,86.7,98.11,18.18,3.49,0.419,611.5,6.6,53.2,13.2
5212.3,120.38,763.2,446.8,890.5,91.58,140.74,0.05,3.512,0.426,694.0,5.64,,12.4
1801.7,75.55,322.0,176.2,344.9,97.63,28.1,4.43,0.025,2.118,274.6,7.27,364.1,12.7
2476.2,66.19,590.9,317.4,674.7,100.01,57.46,7.29,0.691,0.11,470.8,7.67,298.6,9.7
3636.4,125.2,753.4,261.5,857.3,135.38,131.41,25.11,0.372,0.752,599.1,7.82,152.9,11.0
5352.5,88.02,864.3,557.6,1239.7,168.72,105.9,23.41,0.082,0.324,677.6,5.95,181.2,7.9
2236.1,69.88,488.8,296.7,606.1,75.8,34.42,13.58,1.351,1.736,242.8,6.83,372.9,10.2
2666.7,64.51,100.2,284.5,564.7,162.51,55.41,11.19,2.752,2.168,240.8,6.03,370.4,9.3
1534.9,8.8,364.4,178.5,373.6,51.1,18.54,2.42,0.486,2.554,267.4,7.49,257.0,12.0
1454.3,36.03,135.3,143.7,310.9,19.17,49.6,4.7,0.092,0.589,184.2,5.97,367.5,16.7
4853.8,24.87,785.7,288.4,1145.1,266.34,79.8,16.85,0.535,0.187,704.9,8.21,173.4,13.5
6726.1,70.67,834.1,893.6,1244.6,241.48,86.2,7.54,1.203,0.164,648.3,6.19,272.7,7.5
2854.9,65.21,329.1,543.0,210.3,115.99,23.74,6.37,1.12,1.111,200.9,6.37,102.6,9.0
5443.2,133.13,1295.7,657.2,1153.6,392.73,129.43,14.09,1.414,5.832,566.0,8.05,213.6,9.4
3703.3,8.0,580.0,477.8,1130.9,146.61,81.24,23.0,2.016,0.491,399.5,6.88,252.8,8.5
2024.2,72.49,399.4,299.0,557.8,92.68,22.31,0.05,1.382,0.593,258.4,5.57,81.5,11.4
3702.8,105.83,657.8,256.3,1029.1,60.81,72.62,20.04,2.876,0.213,335.1,6.98,309.3,12.5
7501.2,70.73,1529.1,1411.0,2206.6,267.09,21.99,8.45,0.497,1.861,907.6,5.75,326.0,9.4
2917.6,0.05,536.4,373.7,657.4,152.27,48.08,0.75,1.075,2.278,487.5,8.46,351.1,11.6
7621.9,135.87,883.0,1412.1,1767.1,67.78,141.94,40.85,2.303,2.06,404.6,7.26,,12.4
619.0,8.24,142.3,56.1,113.2,27.25,17.74,2.76,1.797,3.948,21.9,6.27,291.7,13.4
4881.2,105.91,758.1,940.7,981.3,205.09,43.12,26.89,5.372,1.333,829.0,7.19,243.6,12.3
3140.8,45.71,320.9,474.3,807.0,128.22,14.99,14.45,0.522,0.289,,5.73,,12.7
2491.4,0.05,395.1,354.1,728.1,151.33,19.52,17.74,2.338,0.683,261.1,7.9,,11.9
3149.7,44.65,803.3,407.4,666.6,147.05,13.57,12.97,0.732,2.172,454.6,8.28,305.9,10.0
904.6,13.94,201.3,99.6,174.6,62.92,23.24,2.43,0.648,1.899,106.4,8.12,114.4,10.4
2612.9,77.09,424.8,439.0,574.9,52.59,71.56,9.63,3.329,1.514,305.9,6.53,,9.4
3693.3,35.19,600.3,463.9,945.7,157.77,64.86,20.26,1.368,2.297,453.9,6.48,251.1,15.0
7235.4,326.89,1186.0,298.9,965.0,301.64,179.22,10.43,1.77,2.029,1597.2,5.61,303.0,9.1
2184.3,0.05,620.0,164.5,179.6,40.66,35.1,3.71,0.793,4.263,417.7,7.45,335.6,13.9
1835.2,72.8,365.4,206.6,343.1,108.51,26.13,4.37,0.843,1.764,169.3,7.1,196.3,9.1
2206.0,36.7,444.5,292.1,323.7,190.81,27.21,0.05,0.21,3.016,357.5,6.88,270.1,13.5
5162.8,169.83,1195.3,607.9,978.4,204.76,64.62,16.91,1.65,0.572,723.9,8.22,307.4,13.9
3631.0,76.97,696.9,612.8,766.6,181.91,9.5,0.05,0.441,2.268,,6.0,231.8,14.3
2169.3,80.47,362.4,91.0,418.2,90.44,37.12,6.74,1.224,4.65,181.5,5.53,,9.9
4056.0,57.55,690.3,510.0,1245.8,104.35,59.53,19.19,2.874,0.975,560.0,5.72,,12.3
3159.7,11.12,557.4,149.4,757.1,11.33,66.24,6.47,0.131,3.02,,6.17,232.2,10.8
5330.4,220.19,949.6,801.6,1268.8,137.98,83.94,33.87,9.965,2.58,558.7,5.6,130.3,10.2
1956.2,35.79,423.3,227.4,503.4,23.79,26.8,0.15,0.633,0.123,174.7,7.01,,12.1
2448.9,57.12,447.2,335.0,371.4,181.42,19.67,13.18,1.258,1.742,391.8,6.44,141.4,13.6
2356.0,90.76,510.4,201.3,665.2,88.82,36.7,10.25,1.769,0.279,210.4,6.04,240.5,10.8
1238.8,5.6,218.0,212.1,266.9,40.98,25.9,0.05,0.61,6.842,110.9,7.75,282.2,12.7
3560.6,103.02,654.9,575.6,926.6,205.74,20.84,29.99,0.874,3.336,538.1,6.11,295.5,10.2
3486.4,38.88,279.2,499.8,542.8,61.24,54.74,10.01,3.414,0.232,398.2,7.56,267.0,9.9
2990.1,53.87,675.2,343.3,379.1,73.74,50.43,3.72,2.628,0.26,,6.55,-44.2,11.4
2589.6,54.6,511.0,370.8,696.8,107.11,23.97,0.48,1.097,1.805,417.7,7.04,179.7,11.5
1275.1,0.05,293.1,117.0,309.3,77.24,13.13,3.26,1.398,0.846,220.0,8.3,279.6,13.3
2316.0,19.26,81.5,357.2,384.2,115.88,39.01,6.36,1.589,0.071,80.8,5.61,239.1,9.5
2426.9,97.72,690.3,451.4,407.3,109.13,14.4,7.78,2.254,1.56,278.7,7.0,301.2,16.3
1842.0,61.33,318.7,299.9,529.6,76.56,32.79,4.43,2.39,0.982,,8.06,352.1,8.4
2706.0,51.58,637.0,245.7,402.2,129.9,21.21,11.55,2.338,0.213,282.9,7.26,300.7,12.5
3798.8,89.83,486.3,510.8,1210.1,167.27,89.28,8.45,0.933,3.238,,6.33,177.1,11.4
9243.8,144.08,1947.1,631.1,1534.1,179.34,311.54,0.05,1.544,4.932,,6.69,196.1,10.7
3310.1,133.56,421.5,473.0,855.0,135.46,26.86,8.94,3.133,2.826,261.5,7.54,413.1,11.6
3479.1,59.13,517.7,480.2,696.8,64.45,67.06,0.05,6.649,3.457,267.8,8.17,232.1,13.3
2850.7,66.93,786.0,128.9,730.3,118.65,26.19,10.57,1.506,0.488,,5.62,240.5,13.7
942.7,35.06,160.7,69.3,176.6,28.65,21.99,0.98,0.81,0.612,171.0,5.71,301.0,11.6
2933.9,24.47,560.0,318.8,616.8,266.36,14.31,9.76,0.597,0.468,110.3,6.48,373.7,12.7
3090.7,134.08,690.8,333.7,687.5,121.16,58.24,17.39,2.353,2.897,330.4,6.2,159.9,9.3
13068.3,0.05,2676.2,936.0,2089.2,155.71,104.76,14.41,0.195,5.91,,6.29,200.4,11.6
2656.0,118.05,498.1,360.0,702.4,99.11,35.44,13.61,2.373,2.523,315.3,6.16,89.6,12.8
3572.2,51.47,708.2,464.6,675.9,179.99,24.12,7.62,2.407,4.265,269.5,6.09,220.4,7.4
2919.5,47.76,876.4,327.7,602.2,214.49,63.0,19.0,0.841,2.036,294.5,5.89,306.8,12.2
1478.5,0.05,261.9,132.7,237.1,41.71,12.28,3.36,1.734,0.981,195.3,8.3,213.6,11.7
5917.6,77.98,1124.7,958.4,392.1,49.42,114.9,7.81,1.133,1.109,637.4,5.93,426.0,14.5
4680.5,20.61,1088.4,871.6,976.1,263.68,57.32,20.47,0.286,0.157,,6.11,261.6,12.3
4791.6,52.16,1127.3,482.3,1747.8,59.36,67.49,10.2,2.231,0.064,,6.24,239.8,13.0
1727.4,30.99,413.5,165.0,461.3,54.03,27.95,2.28,2.067,2.378,171.1,8.3,,11.5
6916.6,237.7,1465.9,965.9,1513.7,241.03,61.59,14.14,0.911,1.154,1055.9,7.77,114.0,13.3
1285.5,29.71,157.9,135.8,262.5,49.63,21.45,3.74,6.574,1.607,129.7,7.87,241.0,13.1
4239.1,104.35,1109.3,485.1,938.3,227.99,115.49,24.1,1.408,1.631,338.2,5.81,285.8,9.4
11095.3,39.58,1361.2,1659.7,2805.2,292.11,97.36,0.05,0.111,0.65,2321.0,8.01,238.2,12.6
1645.3,11.17,321.1,71.8,245.4,56.8,40.1,5.01,3.263,1.292,192.3,6.72,273.1,14.4
2122.2,99.7,302.0,366.6,608.8,84.28,57.27,9.02,2.69,1.273,33.9,6.29,182.9,14.0
3164.6,28.39,559.5,389.0,832.1,136.05,26.81,10.72,2.95,0.983,538.6,7.23,125.5,12.1
2203.7,98.82,432.9,228.2,579.8,92.46,7.4,12.38,0.471,3.437,374.8,7.97,239.4,12.6
1175.7,19.23,230.5,136.9,289.6,57.28,20.48,3.35,1.694,1.2,162.6,7.84,272.1,13.8
3106.1,62.23,624.6,368.1,687.0,176.67,32.99,8.17,1.387,1.851,451.2,8.17,233.1,9.7
1576.0,56.82,410.8,80.0,410.3,75.41,47.2,6.59,1.187,4.518,325.3,8.28,270.4,12.9
3960.6,154.77,802.7,712.1,1012.0,194.35,60.51,12.67,3.95,4.023,322.7,6.21,327.7,8.1
1717.0,31.49,288.1,208.9,341.3,14.35,14.74,3.81,1.426,4.422,215.2,6.77,,13.7
7555.0,107.1,1724.1,1040.5,1402.1,309.79,43.99,30.46,0.943,0.629,1501.8,5.54,335.7,11.2
1863.2,35.7,446.2,294.5,421.3,92.4,44.19,3.16,0.934,0.071,386.2,8.14,350.5,11.8
2457.2,61.6,291.5,194.5,768.9,134.11,25.63,4.37,0.429,0.605,258.9,5.96,299.7,10.9
4856.7,162.07,1019.3,674.8,707.4,127.02,74.55,9.44,1.554,0.653,973.3,8.08,285.6,11.9
1424.4,28.58,306.3,155.7,187.9,38.2,32.26,8.13,4.185,4.802,216.7,6.49,444.3,12.5
3416.9,100.06,564.2,525.8,785.5,97.44,38.02,0.05,1.022,2.095,614.4,6.6,328.4,13.5
6530.8,291.11,1624.8,228.0,1456.7,331.3,95.56,24.76,1.778,0.17,984.8,5.62,165.5,14.6
1136.3,29.22,196.0,131.8,261.8,68.95,16.89,3.49,1.169,0.291,150.2,6.48,63.7,12.1
3330.2,82.17,620.3,319.3,781.4,106.07,68.16,0.05,1.291,0.338,693.9,8.17,225.9,8.7
3484.0,0.05,597.0,478.3,719.8,202.63,68.72,12.61,2.788,1.991,344.4,5.58,312.5,14.6
4765.2,0.05,861.4,661.4,1474.3,202.38,63.09,18.83,0.422,2.659,,6.72,345.9,9.1
1419.2,36.65,177.7,130.1,175.9,53.24,22.01,5.93,0.226,3.927,287.3,5.59,125.0,11.2
1349.8,25.08,145.8,123.5,229.9,48.29,16.23,0.05,3.267,5.648,235.6,6.61,322.9,11.0
4077.2,50.06,1059.0,471.2,871.7,223.97,12.96,23.37,0.817,0.451,477.6,6.02,363.5,12.0
3562.4,84.26,490.4,299.7,432.5,165.69,60.78,5.43,0.954,0.741,462.3,6.26,310.9,9.5
3464.4,66.15,451.9,532.4,725.6,296.26,104.41,15.15,7.621,0.55,239.1,8.13,,9.4
3669.7,135.47,265.4,386.2,1173.2,84.24,29.1,16.45,2.677,0.889,373.9,6.81,236.7,12.0
1982.2,42.21,293.5,7.4,438.6,99.83,17.47,2.47,0.552,4.922,287.1,6.32,204.0,10.4
3426.7,30.14,390.1,359.8,801.3,100.8,27.53,14.81,3.448,1.712,215.6,7.27,328.6,14.7
3554.1,123.87,931.5,278.8,513.2,80.37,73.91,7.92,2.727,2.68,384.1,5.93,308.3,10.9
1941.8,32.51,447.6,106.3,355.4,77.25,36.09,0.05,1.606,1.347,384.1,6.28,217.3,9.9
9131.3,254.75,1329.5,643.8,1803.3,390.34,125.39,48.72,0.448,0.059,1039.4,7.14,504.2,15.3
3961.2,50.86,1159.1,492.7,795.9,389.64,30.33,5.74,1.289,0.133,,6.21,99.0,12.9
1458.6,14.95,334.1,252.5,433.1,52.97,22.96,1.88,6.665,1.544,208.1,7.54,226.8,17.4
4420.2,93.98,723.8,585.8,1120.3,76.9,10.98,9.7,2.883,2.537,476.0,6.97,,8.2
1661.0,33.54,91.4,159.0,254.7,75.51,26.82,5.89,3.199,0.485,189.0,7.82,288.4,12.4
4780.3,130.01,1408.0,660.8,1122.4,0.5,105.03,13.79,1.171,2.56,605.5,8.34,55.1,13.0
5973.9,95.41,660.2,607.2,1492.8,227.97,29.81,24.47,3.21,3.328,226.8,5.85,376.9,12.1
1821.8,0.05,178.0,168.0,525.4,73.46,4.99,0.58,0.658,1.062,287.6,6.5,,11.3
5313.6,71.78,1228.1,392.3,1672.9,296.99,146.84,8.05,1.588,2.744,612.5,6.46,276.7,14.5
3818.7,121.84,1153.2,190.7,607.5,227.11,38.59,10.57,2.778,1.035,608.2,5.95,219.0,12.9
4881.6,75.86,1216.6,509.7,836.5,146.1,117.59,33.17,2.71,2.269,661.6,7.93,321.6,8.6
9302.8,151.68,1936.8,1175.2,1344.7,344.09,128.08,25.79,0.247,2.888,1055.9,7.78,282.9,10.3
2572.8,89.52,539.6,298.8,529.9,63.49,35.26,13.3,5.627,9.638,329.1,6.95,345.2,9.7
1896.5,17.68,422.3,196.0,470.3,33.07,35.1,5.84,0.526,0.847,242.8,7.11,237.8,11.8
1748.1,0.05,381.0,143.6,488.1,80.76,13.86,3.55,8.618,1.059,313.0,5.68,231.9,13.9
1827.2,32.14,354.6,263.7,393.6,26.55,29.34,4.58,2.845,0.362,223.8,7.17,357.8,11.2
2846.2,36.25,527.1,191.6,571.5,90.25,34.01,7.58,2.652,0.456,374.4,7.87,313.4,11.5
3658.1,20.14,647.0,552.5,838.1,73.51,16.23,15.39,0.58,2.364,254.3,7.22,232.6,10.0
3519.3,61.13,500.8,281.2,597.9,179.46,62.29,20.23,0.853,4.979,415.7,6.3,286.8,13.5
4896.7,134.03,812.7,440.2,1691.2,372.29,63.14,18.21,5.293,1.004,872.5,7.5,268.5,14.5
3004.3,59.67,286.5,184.2,371.2,41.96,41.29,16.15,4.787,0.397,412.0,6.58,296.7,11.9
7130.4,175.44,1248.4,712.6,1647.7,20.96,37.92,7.63,1.203,0.671,547.3,7.13,376.9,15.2
2543.3,120.05,332.1,404.4,868.3,95.38,70.53,5.52,1.108,1.214,206.1,6.96,215.0,10.9
15246.4,226.51,1903.1,2144.0,3360.4,614.64,335.63,23.65,1.139,0.687,1377.4,6.64,185.5,9.2
4339.0,104.9,820.0,690.5,905.1,192.54,98.55,15.75,3.466,0.532,694.2,7.66,277.4,13.6
1782.4,22.03,444.9,251.1,353.9,55.38,22.38,4.07,3.207,2.663,276.4,8.15,,11.8
1567.9,11.45,354.2,118.9,328.0,56.42,1.83,6.99,1.966,0.016,-28.5,5.52,158.9,10.8
3981.8,44.7,404.1,425.1,1204.0,188.54,121.94,4.53,1.602,1.55,464.9,8.3,349.4,12.2
2606.9,33.42,340.3,231.5,227.6,158.52,37.83,8.05,1.19,3.157,328.2,7.03,221.3,8.8
4575.2,116.17,1038.7,792.5,1427.5,4.11,41.22,20.01,8.128,0.619,,7.6,63.2,8.5
3959.8,218.72,518.2,285.6,532.8,129.17,72.6,0.05,0.287,1.849,413.3,8.07,334.7,12.2
2853.5,26.42,481.6,444.4,582.1,126.34,69.45,20.67,0.967,2.211,494.3,6.9,206.2,12.9
1793.5,24.66,372.2,279.3,348.4,38.81,26.57,4.36,1.851,2.129,244.6,8.0,307.8,14.8
1201.2,22.89,158.1,232.1,306.7,89.64,30.31,0.05,0.214,1.181,120.1,6.03,,13.8
2280.4,59.15,422.5,236.3,283.0,62.24,53.96,7.56,0.795,0.851,256.6,5.98,269.0,13.3
4983.3,119.37,564.6,740.0,1234.5,195.21,31.84,15.28,6.602,3.615,552.6,7.47,46.5,14.5
3389.6,133.08,508.2,716.1,1157.4,173.28,32.57,9.61,3.04,2.841,445.0,8.11,53.6,13.0
1411.7,0.05,276.7,134.5,195.1,39.77,31.99,7.03,0.789,0.775,88.7,8.18,182.8,11.3
3307.4,0.05,331.9,193.8,765.3,10.15,0.1,14.87,0.764,0.217,308.3,7.43,,13.8
3756.3,47.19,758.9,168.3,677.2,118.05,51.85,13.51,0.29,0.149,606.3,7.08,,13.8
1754.1,63.95,314.0,260.5,430.7,106.28,6.23,6.84,0.908,0.198,205.4,6.49,279.1,12.0
3269.0,0.05,678.7,146.0,722.9,108.73,36.57,9.12,2.274,1.749,281.1,8.44,511.7,9.6
3086.9,0.05,590.2,324.5,560.3,71.22,38.92,20.22,1.957,0.106,270.6,6.46,100.9,8.4
1501.5,42.89,372.7,206.4,374.3,87.86,18.22,0.06,0.957,0.822,223.5,7.73,262.1,13.7
3694.8,87.4,688.2,470.7,1212.8,123.35,39.1,12.12,0.517,2.798,366.8,7.1,205.5,13.0
4173.3,15.22,661.6,571.8,870.3,124.35,25.97,13.06,1.174,0.697,586.1,7.33,273.5,13.2
5709.2,29.78,1062.6,735.9,1502.6,245.43,190.32,26.41,1.15,2.882,542.0,6.68,425.2,13.8
5609.9,30.6,1162.2,960.2,798.9,310.87,167.96,7.36,2.733,2.737,419.6,8.39,431.5,10.2
1304.3,28.25,238.0,106.8,212.1,114.3,7.44,0.05,1.721,0.564,169.3,7.22,255.4,8.2
1698.2,18.01,309.1,157.8,421.7,96.02,46.97,5.63,1.524,2.61,197.2,8.31,336.2,13.0
4060.3,111.3,588.3,361.8,1254.8,256.6,47.93,14.46,3.708,2.755,598.5,5.52,271.6,14.4
4057.3,0.05,595.8,621.6,979.2,121.23,65.05,24.26,4.754,1.013,630.4,7.22,142.5,12.7
4060.4,29.02,446.1,633.5,817.0,79.11,58.85,1.86,1.937,0.473,,7.65,251.4,9.0
26000.0,80.84,6954.4,3589.3,5718.9,1072.41,252.77,138.04,1.978,1.473,3482.9,7.74,199.5,12.5
4198.7,67.83,494.6,702.6,608.7,176.95,96.03,32.48,1.254,5.087,438.5,8.21,243.7,9.8
5891.9,70.29,856.4,429.4,1509.9,108.59,94.31,13.22,0.571,2.041,856.4,5.51,164.8,8.9
5283.8,168.91,761.3,986.4,1442.2,192.83,59.11,2.21,2.912,0.38,683.4,5.5,265.5,12.0
4406.5,0.05,990.3,797.3,849.9,211.45,20.11,9.63,2.472,2.296,418.8,6.92,280.6,12.3
2467.2,51.03,407.7,368.7,473.2,116.47,19.37,7.47,1.352,1.114,,5.59,320.4,11.8
4700.3,133.37,1139.3,899.0,1109.0,235.42,8.78,19.4,1.726,1.791,614.5,8.42,281.0,12.9
1874.9,89.71,274.3,100.7,363.3,85.91,28.31,3.41,3.518,2.649,312.1,6.17,413.5,10.4
2586.1,33.03,501.6,256.1,558.7,77.22,14.03,15.8,3.986,1.447,403.6,6.92,469.2,12.2
2227.8,55.4,308.0,201.8,770.8,66.22,28.68,1.72,0.734,3.364,183.3,5.68,209.5,11.0
3131.1,0.05,899.4,466.1,642.4,50.16,81.28,0.05,1.348,2.561,270.8,7.07,,11.5
11953.7,0.05,1441.9,932.3,2372.8,904.84,293.99,62.32,0.428,1.909,1104.3,6.64,,12.5
972.3,31.77,190.1,146.1,176.1,39.15,14.33,0.05,1.766,0.327,,5.63,349.6,14.1
4499.7,89.62,952.5,786.6,1190.8,159.75,64.36,11.66,0.776,3.615,213.0,6.51,321.7,12.6
1132.7,42.68,227.3,167.4,236.9,24.27,34.03,10.46,1.818,5.495,171.7,6.67,,13.2
2245.9,0.05,383.4,295.0,406.6,221.7,43.04,6.68,0.801,0.295,228.5,8.47,194.2,12.0
5729.4,159.27,994.1,461.1,1714.7,106.19,70.92,4.35,0.837,1.34,793.4,6.12,208.8,13.0
3098.2,148.81,564.5,266.8,945.5,97.35,11.13,8.94,1.806,0.599,332.6,7.13,388.7,14.1
1561.4,41.06,269.6,265.4,287.3,75.44,28.34,4.53,3.014,2.809,185.9,8.46,176.9,15.8
1940.7,46.87,442.9,293.4,209.6,100.93,41.99,6.45,2.355,2.558,179.7,7.88,,14.4
4481.7,90.21,1302.1,530.8,1256.9,265.13,44.58,19.38,1.358,0.304,532.7,8.48,334.0,11.9
1923.3,0.05,292.6,198.6,344.1,146.46,33.33,1.77,0.128,4.192,163.8,8.4,172.4,14.3
3394.4,136.91,378.5,132.3,907.8,170.14,41.04,21.64,0.817,0.399,404.5,6.97,277.9,13.1
3063.6,33.2,537.9,236.4,311.9,57.84,41.44,10.69,0.726,3.192,546.2,7.59,,10.8
2016.3,55.58,623.0,396.1,551.6,70.29,0.1,8.98,2.597,1.221,,5.83,337.7,13.1
10789.9,0.05,1508.6,742.1,1589.7,498.03,142.7,18.81,1.614,0.796,1420.4,6.82,315.9,9.7
4360.5,10.06,1142.3,556.3,1150.5,354.79,99.22,24.3,1.668,0.345,,7.93,312.7,13.1
884.4,36.73,233.4,141.8,195.3,10.65,8.8,2.2,0.601,0.367,126.2,7.02,270.1,15.5
3333.8,49.31,507.8,232.7,542.6,213.54,51.41,11.85,4.11,2.169,488.7,7.61,82.4,13.6
2004.1,83.77,417.7,255.3,391.9,87.37,17.94,2.27,1.658,1.599,262.0,7.74,264.0,14.4
4971.4,93.59,1299.6,783.1,1298.4,282.16,88.91,5.0,0.561,0.26,639.2,6.26,,11.2
1852.9,0.05,298.4,223.3,419.4,70.33,24.58,8.11,0.608,0.239,212.0,8.13,326.7,13.0
2782.6,92.89,472.6,653.2,709.8,64.42,20.83,5.88,1.877,0.15,406.2,6.88,207.7,13.4
4035.9,45.01,609.1,214.9,1366.5,222.05,103.56,5.22,0.537,2.723,709.8,6.13,254.2,11.4
5011.3,152.75,647.8,813.6,632.2,266.04,112.41,8.59,0.736,2.489,,8.1,257.3,13.4
1450.7,29.56,214.0,164.1,459.9,86.23,14.74,6.38,0.403,0.12,117.7,6.75,178.7,12.9
2438.9,0.05,289.7,368.0,551.8,96.91,46.3,4.25,2.58,1.643,205.3,7.75,,13.4
2241.8,50.36,407.3,308.6,372.3,62.78,43.27,6.2,0.552,0.177,334.1,7.14,288.3,9.9
2014.3,106.64,285.0,182.6,282.4,17.77,40.56,6.1,4.636,4.682,164.1,6.65,350.8,14.6
8597.9,235.54,1648.1,1110.5,1794.0,484.81,12.43,0.05,2.082,4.753,1100.9,7.93,187.5,12.9
3800.9,72.74,388.5,173.6,1046.4,184.26,87.62,0.22,0.401,2.396,403.6,7.25,228.2,11.8
1398.9,50.54,275.0,201.6,297.1,28.94,14.61,5.14,2.337,5.212,107.9,6.67,333.0,11.8
5170.5,119.75,1146.2,682.1,1606.3,151.12,62.76,7.89,4.116,3.337,792.6,5.83,342.7,11.9
10649.8,246.47,855.3,1550.0,1415.7,326.57,384.49,54.46,1.304,3.527,,8.19,273.1,10.3
5538.5,20.08,1100.5,899.0,1214.5,57.27,96.45,27.32,4.488,1.687,364.3,5.61,291.4,14.4
1198.0,28.16,289.2,161.4,173.5,28.33,14.27,5.32,2.116,0.731,166.8,8.09,303.2,13.9
2229.3,79.21,266.4,280.7,539.1,38.62,0.1,14.8,0.777,0.491,297.4,6.58,,14.1
6375.0,47.55,1680.6,540.3,1741.7,202.41,166.5,18.07,6.678,0.793,978.6,7.42,142.9,15.0
1949.6,80.65,391.8,178.4,379.7,49.18,8.26,8.38,0.279,1.98,247.0,8.27,441.7,12.4
3890.5,72.46,563.1,651.5,248.0,29.02,27.13,7.12,1.023,0.379,688.9,5.96,277.4,8.7
4744.7,31.71,840.8,842.0,1100.5,381.72,58.59,37.51,1.358,0.599,545.3,7.2,,13.3
1709.3,59.76,355.4,188.8,420.8,111.19,45.01,11.91,5.866,1.262,186.5,7.79,173.8,13.2
2876.4,45.15,528.7,350.5,702.6,70.24,60.94,8.7,2.629,0.531,233.0,7.77,231.4,15.1
426.3,13.38,88.2,35.7,125.4,19.38,5.86,1.61,2.278,1.777,35.2,7.08,287.7,14.2
1612.2,25.19,216.0,269.1,251.1,77.95,28.16,9.22,0.656,5.132,,7.37,,12.3
2561.8,48.94,482.8,375.6,668.1,163.5,26.12,6.93,1.258,2.757,329.8,7.77,159.9,11.7
1410.0,38.64,154.1,278.7,411.1,33.31,22.72,2.38,0.797,2.196,154.0,8.02,177.5,14.0
7938.2,193.4,1384.7,673.7,899.3,490.92,123.73,37.69,2.215,1.748,1057.6,7.79,122.1,7.0
1263.8,0.05,170.4,132.6,302.3,36.7,28.75,3.99,3.624,1.339,90.5,6.56,260.6,12.5
2289.2,7.28,327.9,295.9,434.4,30.41,52.05,7.71,7.805,0.413,196.4,8.49,242.6,13.9
3224.2,109.43,779.6,470.3,693.6,175.66,61.1,4.29,0.892,4.502,274.4,6.8,392.4,11.8
7078.1,127.53,1660.3,788.3,1704.8,465.85,85.65,0.05,0.268,0.571,1463.5,5.57,137.9,11.2
1259.5,15.3,265.1,107.2,240.3,115.57,26.37,4.37,1.04,0.192,,6.59,273.5,12.6
5990.3,0.05,751.1,930.0,1075.0,95.88,85.45,28.81,3.246,2.773,702.9,5.88,162.0,14.7
2999.3,11.41,492.4,446.4,666.0,161.9,19.03,7.64,0.57,0.386,,5.86,,12.9
1654.2,0.05,398.1,137.9,256.0,52.61,19.48,9.72,1.404,0.93,301.3,6.34,308.8,10.6
3933.4,72.69,735.9,685.3,609.1,218.96,61.66,6.26,2.303,0.057,218.2,5.66,317.1,14.4
3359.1,37.03,994.2,560.3,875.9,35.57,74.85,2.99,0.911,0.295,395.0,7.57,305.2,14.8
2079.5,11.44,415.2,260.7,314.2,30.66,28.14,5.96,1.722,0.38,,5.72,118.4,10.4
3108.5,58.99,589.4,382.9,808.1,76.1,16.56,8.81,0.509,0.112,77.1,6.11,258.4,17.6
2365.7,60.23,389.3,336.3,586.1,98.36,36.56,10.74,3.822,2.138,214.4,5.78,309.7,12.0
3191.1,164.01,595.7,272.9,371.6,86.73,50.76,4.63,1.119,3.628,435.5,5.69,345.2,13.9
4435.0,0.05,764.5,537.5,795.4,235.86,73.12,25.44,1.678,0.935,390.7,6.3,312.8,13.5
7720.3,288.67,1663.0,261.8,2251.6,467.37,172.62,53.53,0.138,4.152,1048.7,7.22,346.5,10.6
1418.4,49.07,323.2,219.9,228.6,73.75,32.84,4.14,0.429,0.48,176.3,8.39,356.7,11.1
10719.5,89.12,1508.2,616.8,2059.6,775.83,109.84,58.95,3.16,0.787,,8.13,260.5,12.1
924.0,21.3,104.8,166.5,228.9,44.65,9.31,0.82,0.898,0.327,157.6,8.13,299.9,8.3
2721.5,35.75,240.0,290.6,726.6,42.62,18.18,14.02,0.54,1.938,261.7,6.03,350.0,13.6
4242.8,96.67,871.5,473.2,869.4,285.41,87.36,21.62,0.239,1.089,,6.29,289.0,8.2
3528.4,150.44,440.5,334.8,649.7,98.43,93.82,16.68,3.766,1.9,168.9,5.73,369.9,12.0
2051.6,59.67,148.4,222.6,626.4,119.42,25.6,6.09,2.537,2.868,,7.84,337.4,10.7
2631.0,72.69,524.7,465.0,853.3,188.05,34.38,0.05,2.401,1.578,288.7,5.71,186.8,13.2
2217.6,30.04,675.6,45.4,618.1,108.96,59.29,3.81,4.954,1.976,161.2,7.17,119.4,7.6
2093.1,0.05,376.1,358.1,471.2,21.09,39.86,3.66,1.024,5.474,284.5,6.24,251.9,8.7
4963.0,83.74,1101.4,662.7,851.2,107.38,91.76,5.18,0.273,0.711,448.9,6.23,,10.8
3693.1,140.7,679.9,264.9,628.5,245.42,20.21,11.98,1.48,0.89,699.0,8.47,258.3,13.0
1967.0,0.05,344.3,151.4,494.4,72.03,40.19,4.25,5.675,2.53,44.5,7.77,249.3,12.4
5114.1,21.34,1155.6,956.6,1253.5,212.7,38.7,6.91,1.508,1.89,664.5,8.01,380.1,14.1
3584.5,78.48,593.2,294.6,1090.0,197.78,21.25,3.16,3.551,0.393,436.3,7.22,300.5,12.2
4854.8,25.39,938.8,358.6,1257.5,261.8,59.35,7.62,0.287,0.944,528.0,8.11,347.8,12.0
4349.3,35.28,852.8,719.8,564.6,198.23,44.86,22.8,0.641,1.262,429.8,7.44,201.0,9.9
1812.8,24.74,265.7,242.1,513.2,64.94,23.98,3.04,3.012,1.087,222.5,8.34,403.0,11.6
2130.0,0.05,489.1,175.7,341.1,71.88,7.4,4.2,1.648,0.393,346.1,6.34,339.4,12.0
4667.5,25.15,799.3,600.5,919.3,266.78,105.81,9.74,1.282,5.165,247.9,7.29,292.7,7.9
4299.4,131.35,611.4,339.5,1010.4,219.57,103.28,15.81,3.513,2.874,377.3,7.57,69.3,10.2
2943.8,1.15,608.9,482.9,1000.1,102.6,0.1,11.52,2.98,1.313,229.6,6.68,367.9,12.9
3198.4,0.05,432.0,519.6,1300.4,197.15,73.01,0.05,1.688,2.279,243.4,8.14,427.3,12.4
6416.3,67.69,1164.0,906.5,1645.2,240.09,54.64,32.36,1.424,4.552,857.9,8.44,251.1,11.5
2090.3,64.76,375.3,281.1,436.9,48.01,45.68,12.28,2.061,0.293,300.1,6.98,253.2,10.8
4139.2,70.56,969.8,788.3,1043.4,102.74,59.82,3.72,0.144,0.576,673.1,6.67,198.3,8.5
2640.4,34.41,537.9,316.8,721.5,53.93,40.21,2.79,2.002,1.565,380.8,6.92,86.8,7.6
2616.0,54.06,467.6,190.2,525.2,90.39,35.37,5.49,3.638,3.209,,8.06,193.8,11.4
5763.3,0.05,1273.0,795.2,1888.7,372.74,142.34,8.58,1.421,0.074,366.1,7.44,415.9,15.0
4891.5,134.13,1220.5,995.1,1143.6,116.9,24.86,16.87,0.471,8.273,,5.63,357.9,12.1
4856.7,125.07,1009.7,385.7,1213.5,212.57,96.47,0.05,0.039,1.214,542.1,7.13,172.7,14.0
6524.3,90.43,1177.7,688.6,1696.0,175.28,155.35,4.99,2.036,0.89,1052.5,5.55,192.2,9.6
3018.8,105.92,345.4,412.5,740.5,105.03,62.58,18.35,0.175,0.693,196.1,7.84,463.5,12.6
4488.0,13.86,568.8,528.9,1213.3,43.98,150.79,5.13,2.385,0.383,495.2,6.48,148.0,10.6
2474.6,91.36,407.7,199.7,452.8,88.07,26.65,13.58,5.472,3.136,,6.92,178.5,10.5
3621.0,80.81,541.4,597.0,675.3,130.81,82.05,13.44,0.675,6.221,438.6,7.9,207.0,13.5
2757.0,41.22,470.5,586.7,424.6,140.07,39.02,0.05,1.146,1.068,247.7,5.64,114.2,11.8
3159.6,62.25,577.7,403.9,778.4,140.49,78.57,13.49,5.707,6.091,544.7,5.98,196.2,9.2
4260.3,78.35,879.7,357.2,1136.4,68.3,63.64,11.78,1.584,3.472,311.6,6.69,197.8,12.2
1824.5,69.89,322.0,105.9,451.5,112.54,21.71,3.81,0.907,1.312,217.5,6.19,159.8,10.6
10461.2,40.27,2137.5,1363.3,3352.5,462.45,266.22,36.51,3.245,2.242,1523.2,6.51,382.8,9.1
1630.1,13.96,298.7,267.6,358.1,71.67,18.04,6.44,0.959,1.142,,8.49,133.3,10.0
1438.7,51.14,116.9,200.0,374.2,57.28,5.32,6.35,0.626,1.636,146.3,7.98,235.8,16.1
5972.2,66.09,794.5,716.1,922.7,177.04,64.89,31.99,2.355,0.12,650.6,8.15,162.3,14.4
4793.4,160.62,828.3,462.2,943.2,212.62,95.64,18.29,3.453,2.383,489.9,8.31,229.0,8.0
4335.0,197.2,518.1,330.8,1134.6,214.63,113.3,1.08,0.621,0.109,561.5,6.52,157.7,11.6
4346.0,60.73,912.6,666.6,1177.5,22.0,69.05,8.92,1.703,3.397,,6.39,257.6,11.8
2959.1,89.43,759.1,463.3,598.8,86.48,75.59,26.3,1.195,3.485,484.5,6.2,282.1,11.5
1740.0,4.69,419.2,101.2,375.3,60.73,7.19,7.74,1.385,0.541,261.4,7.99,,10.7
3119.7,97.71,528.2,572.8,402.2,140.77,35.73,24.14,0.476,0.782,,7.54,191.1,13.5
1985.7,45.65,505.4,283.9,394.3,126.82,25.2,11.5,2.505,1.313,302.9,6.21,411.8,13.9
5351.2,144.99,1003.0,941.7,1463.1,131.45,75.36,18.64,4.622,1.816,661.7,6.63,169.3,14.1
2729.2,28.16,445.3,181.0,694.6,81.99,42.77,9.83,0.605,0.678,408.9,7.02,226.2,12.7
1816.6,0.05,271.3,118.7,454.2,54.04,37.29,5.32,2.504,1.795,276.3,7.08,426.5,13.2
2458.2,67.72,405.3,280.3,548.1,58.92,28.13,0.05,3.186,0.707,455.3,8.17,,11.3
3819.1,0.05,613.3,535.1,841.8,126.24,61.53,11.6,1.692,0.114,404.1,6.64,418.6,8.8
2125.5,32.39,400.7,407.8,383.4,117.79,31.12,11.52,2.417,0.005,208.7,8.23,227.6,8.8
1820.1,62.1,342.2,269.8,476.7,34.44,13.82,3.28,0.687,0.213,251.0,6.82,301.5,10.3
3450.3,78.94,621.6,380.5,846.2,167.53,48.62,13.19,4.426,3.143,577.2,7.74,318.3,11.6
3452.9,169.97,697.0,272.6,861.6,20.59,47.83,16.24,3.474,6.511,422.4,8.29,284.5,9.4
2199.2,77.8,526.8,372.1,414.4,63.28,30.08,2.6,3.787,1.114,373.7,8.22,149.2,9.7
2247.1,22.9,511.2,182.9,204.0,75.07,34.28,4.71,0.384,1.438,,5.67,273.5,11.2
3426.3,69.93,362.3,634.3,979.3,251.82,53.47,3.3,2.169,0.318,383.6,6.12,199.4,13.7
1250.3,24.12,65.4,135.8,239.1,43.14,14.43,1.7,0.744,1.602,178.2,6.93,153.2,12.7
1281.2,0.05,290.5,235.3,215.5,0.5,32.26,0.54,4.716,0.313,,6.79,218.9,10.3
1937.1,11.42,216.3,285.1,506.8,0.5,10.93,2.32,0.62,1.889,250.9,7.42,281.5,12.1
2622.6,30.39,442.6,300.3,515.3,106.69,24.21,15.31,1.753,5.414,202.1,8.33,350.1,9.3
3592.3,0.05,436.4,356.4,1018.8,187.79,133.78,4.2,0.084,0.436,421.3,5.84,224.6,10.3
7224.4,149.63,649.5,768.4,1856.8,343.22,48.37,23.5,1.745,2.893,1155.8,6.86,242.1,8.7
4987.0,81.11,1032.7,683.9,1301.7,216.19,20.8,9.95,0.389,0.048,751.5,6.08,330.4,12.9
2708.2,0.05,590.3,333.3,373.8,171.28,56.54,14.51,2.264,0.942,392.2,8.18,257.1,11.4
2947.1,76.81,445.5,283.7,862.7,86.08,0.1,16.57,1.229,0.235,387.5,8.39,288.2,11.7
1633.5,50.21,82.4,185.2,385.0,94.58,21.43,7.72,0.987,0.869,206.5,6.94,257.8,13.6
2948.0,69.0,450.1,363.0,583.2,21.7,94.83,10.65,4.806,0.381,204.4,5.81,270.3,10.0
2506.9,37.95,500.4,87.4,573.1,54.9,6.62,6.36,7.02,0.935,280.2,7.86,,12.9
3617.8,104.45,383.7,500.4,410.4,13.96,0.1,2.23,0.257,1.081,460.6,7.59,262.2,16.0
1814.7,54.81,343.3,146.6,443.7,62.61,5.46,12.5,1.02,0.715,136.1,6.56,392.8,10.0
4070.9,100.19,729.6,300.7,644.2,159.07,90.32,6.03,2.836,2.138,203.3,8.16,266.9,8.9
7477.4,57.06,1562.5,392.6,1038.2,316.16,179.44,32.36,1.961,5.023,1234.9,8.43,166.6,9.5
2792.6,67.44,519.4,134.7,359.3,115.16,30.44,14.3,2.711,1.024,340.8,7.17,397.7,12.8
3793.4,143.89,498.3,249.5,1087.8,81.37,77.64,7.17,1.314,0.427,487.1,7.2,322.1,15.5
4510.2,49.84,1081.7,413.3,821.9,163.25,117.81,22.89,3.587,0.631,641.5,6.39,,15.4
2343.2,120.6,403.2,464.3,731.1,23.55,68.65,10.61,1.687,3.848,189.1,7.25,324.1,13.7
3410.0,41.31,609.1,337.5,640.6,229.37,44.43,22.01,2.061,1.696,354.2,6.82,137.4,13.8
3003.6,61.53,400.5,381.8,353.1,101.9,0.1,6.19,0.39,1.214,541.1,6.41,314.8,12.9
3160.9,31.33,498.9,429.9,483.6,95.53,26.66,1.35,1.537,0.324,317.5,5.7,388.5,13.5
1874.7,43.77,254.5,234.8,551.4,134.56,21.72,3.73,2.861,1.195,205.0,6.26,202.0,12.6
3025.1,0.05,518.4,353.6,637.2,45.85,39.11,10.34,1.868,0.653,282.0,6.09,57.1,10.4
4019.0,47.46,1067.4,290.1,752.0,70.29,54.25,12.53,1.599,5.735,363.2,7.13,286.6,15.4
7120.2,25.76,793.2,1267.7,1634.8,128.7,170.54,15.76,2.171,4.31,1169.3,7.31,253.3,14.7
5300.5,116.77,526.5,1019.2,1325.7,204.83,133.55,0.05,1.678,0.175,111.0,7.33,95.2,10.4
10849.9,378.84,2751.1,571.7,3114.4,527.66,147.85,42.76,1.356,1.454,1103.6,6.66,310.5,13.3
1881.1,55.85,318.9,148.7,577.3,103.07,44.75,13.06,2.933,0.51,242.7,6.76,303.0,14.9
5031.1,0.05,737.3,547.4,998.2,460.04,89.86,19.76,1.27,1.058,945.2,8.0,,12.8
3327.6,168.48,772.0,270.9,467.3,0.5,51.63,14.04,0.36,4.189,,6.93,438.9,11.6
11090.9,270.94,1660.5,1555.4,2164.9,578.67,246.8,45.97,4.643,1.499,751.7,8.46,325.1,14.9
1835.4,15.33,497.9,166.8,432.5,52.97,28.59,6.96,0.768,0.814,157.1,6.82,61.0,12.5
1801.1,40.27,385.3,372.1,292.1,50.92,56.67,8.76,0.239,0.466,266.7,7.45,331.9,10.7
2080.5,47.11,323.7,348.7,338.2,57.43,7.27,7.89,2.401,3.222,260.1,5.65,,9.7
833.5,8.33,239.9,107.1,200.6,18.19,9.07,1.98,5.096,1.959,51.9,7.46,,7.0
2174.5,49.95,325.6,350.3,472.0,160.24,30.42,3.06,2.448,1.262,269.6,8.05,187.6,15.9
1890.4,20.58,410.4,310.5,419.6,107.46,35.0,4.73,4.151,0.49,344.2,8.33,333.3,10.3
3262.5,45.46,636.1,317.9,569.3,132.01,82.03,11.84,0.545,0.814,426.0,8.49,226.3,13.9
3659.4,35.52,896.9,319.7,754.5,245.25,54.18,8.66,0.366,6.43,463.2,6.35,194.4,10.2
9188.4,0.05,2371.3,1131.3,1511.9,89.58,33.28,33.34,1.016,1.468,1185.2,7.23,163.5,12.3
5272.5,116.98,957.5,814.4,1441.6,70.58,114.62,20.45,3.383,1.024,720.1,6.85,59.7,12.9
2108.8,60.69,300.1,264.8,594.9,0.5,44.37,9.84,2.27,1.474,146.2,7.19,304.0,9.5
1738.8,48.21,353.0,99.0,189.9,45.23,0.1,9.68,2.412,3.019,,5.97,222.7,13.9
4004.4,129.34,585.1,351.9,657.6,173.13,59.94,12.64,1.599,0.831,451.7,8.07,-23.0,11.6
1350.0,33.57,378.9,158.0,175.8,56.78,3.08,0.52,1.036,0.394,135.9,8.23,257.5,13.1
8945.2,107.42,1671.2,1046.4,1619.1,384.53,86.61,20.66,1.664,1.759,1318.9,6.85,365.8,14.9
6049.1,197.17,978.3,1203.2,1300.5,71.25,47.05,18.68,1.228,2.188,572.5,6.34,119.3,13.5
2249.6,0.05,425.7,145.2,299.2,126.12,48.31,0.05,0.966,2.495,,5.92,178.7,11.8
1066.5,6.92,120.1,149.5,175.6,47.77,16.99,6.16,2.007,4.274,74.2,7.55,294.1,15.9
6716.5,37.19,882.7,1206.0,1073.0,367.13,31.67,22.06,1.119,0.928,907.6,6.44,-5.9,11.9
2783.0,100.75,668.0,586.8,646.9,5.97,61.34,10.47,1.815,0.157,438.8,8.23,,12.2
6264.7,213.89,921.9,650.4,1404.3,289.62,22.11,35.9,0.103,6.357,661.3,7.51,284.7,11.7
1145.2,31.28,146.2,159.9,202.4,18.6,20.2,1.99,1.686,1.142,174.4,7.44,193.9,9.5
2080.5,75.06,430.3,297.1,479.8,66.69,17.66,8.63,1.112,1.952,237.4,7.18,120.2,9.3
2990.4,20.37,715.5,382.2,559.8,151.57,36.11,8.31,4.323,2.195,,5.64,125.0,10.9
3066.2,77.36,662.1,355.8,624.6,128.23,58.36,8.07,0.224,1.582,361.6,8.3,88.8,10.0
2275.5,41.24,522.9,312.7,729.1,52.27,43.63,3.31,1.577,0.459,257.1,7.38,186.7,11.4
4331.7,141.66,615.8,81.0,1301.4,173.81,111.31,27.42,2.889,2.814,537.6,8.48,355.7,13.7
1570.9,28.7,171.1,231.4,223.1,14.72,22.53,3.53,1.275,3.257,204.4,7.11,486.2,11.2
2736.9,38.93,698.1,342.2,738.4,172.44,47.76,12.04,1.076,1.61,253.6,7.63,253.6,12.4
3204.1,90.08,525.0,356.0,860.9,115.01,36.84,0.05,2.881,1.341,573.1,5.67,326.8,11.0
4058.9,134.52,679.7,819.4,613.3,253.16,66.79,21.76,2.224,0.242,476.3,7.4,,17.1
4568.6,45.57,1125.8,424.9,1229.5,134.63,84.59,23.32,2.365,0.175,511.7,7.79,40.8,15.0
1518.1,28.97,315.5,157.7,474.1,44.83,21.58,4.85,0.968,0.83,227.4,7.84,435.2,11.5
1187.4,4.9,240.8,237.1,181.3,29.35,0.68,3.02,0.849,0.745,143.4,7.81,,12.5
6416.4,0.05,1849.5,556.4,1058.4,369.09,113.26,24.38,1.817,6.143,1428.5,6.18,321.9,9.3
3638.7,83.72,537.9,356.6,1022.7,93.92,65.19,27.57,3.074,3.061,406.1,8.43,265.8,11.6
1902.5,55.43,430.7,217.1,449.5,100.63,18.18,0.05,0.303,2.157,255.1,8.49,349.5,10.8
7560.5,180.93,1382.4,1161.5,1913.5,244.59,35.72,34.51,1.318,1.458,680.7,5.73,345.4,13.5
3195.2,0.05,618.0,410.0,768.2,1.54,85.65,3.76,0.889,0.366,494.7,8.31,277.8,10.1
6048.6,89.14,1551.0,413.1,1472.5,172.95,114.51,17.9,1.469,7.675,800.5,6.37,288.8,15.3
3104.2,0.05,637.6,306.4,435.9,50.96,40.87,7.77,2.674,0.94,330.4,7.57,371.3,11.9
10264.5,416.18,2123.9,982.4,2903.2,417.54,60.6,22.0,0.607,0.226,,6.51,209.0,10.3
8545.9,31.7,1996.5,999.1,2479.8,138.37,72.0,25.46,2.436,1.362,577.9,8.4,405.6,12.1
2567.3,99.69,415.3,351.8,529.5,150.24,65.26,1.88,1.0,4.143,351.1,5.8,179.2,13.5
5339.8,182.56,737.1,730.1,1160.8,203.87,85.98,27.01,3.464,4.366,344.5,6.99,257.7,13.0
4390.6,28.5,560.9,215.0,562.6,160.03,46.52,0.05,0.647,0.022,,6.78,312.9,12.3
6776.2,20.38,553.5,1101.5,1699.9,359.94,129.27,27.64,3.041,4.348,470.9,6.48,87.1,13.8
1670.8,42.2,472.5,217.4,424.9,99.04,14.18,3.92,0.348,0.633,188.6,7.44,388.2,13.6
4499.1,33.0,561.7,789.1,973.0,178.16,121.51,2.96,1.713,0.08,381.2,5.89,297.6,13.6
5625.4,121.16,950.3,775.0,1617.1,138.25,145.26,19.15,2.478,3.765,,7.65,580.1,11.4
1037.7,13.24,172.4,170.2,207.5,4.69,11.69,0.05,0.667,3.988,125.6,8.44,458.1,11.4
1465.6,0.05,286.3,203.2,372.1,38.52,14.61,4.51,0.919,1.814,202.0,7.91,,11.6
877.0,0.05,193.6,152.5,139.3,24.25,0.1,0.14,1.484,1.709,51.7,8.08,428.6,11.0
2536.0,59.34,565.6,357.3,554.3,106.87,7.98,9.95,1.072,3.355,226.9,6.58,334.7,12.2
4584.9,53.08,691.6,532.2,960.7,151.75,19.64,5.28,0.834,3.086,728.2,6.47,273.1,12.0
7342.3,85.93,1260.3,1548.5,1714.6,394.71,118.08,15.4,2.916,4.416,1074.5,7.05,84.1,15.3
3116.5,94.86,605.0,484.8,616.5,86.45,38.61,11.18,3.741,1.609,,5.64,107.6,11.0
7920.2,297.81,1327.1,1132.2,1680.0,307.77,33.56,11.52,3.573,6.862,,8.34,250.4,10.0
1302.4,20.72,339.1,89.8,351.1,82.93,16.61,3.76,2.147,11.118,102.5,5.93,200.5,13.3
1072.7,15.97,219.4,73.4,207.9,50.24,20.43,0.05,2.395,0.248,103.3,8.21,272.5,12.1
2883.2,79.3,624.9,379.7,356.4,111.87,55.42,12.29,0.55,3.788,319.8,5.75,387.2,10.6
3753.5,0.05,800.0,472.3,1219.8,104.95,0.1,24.51,1.362,1.386,684.2,7.97,336.5,13.6
2923.1,68.25,697.7,279.0,885.4,79.9,40.85,25.09,1.595,0.981,228.9,5.96,180.4,11.4
862.2,24.38,163.0,108.3,122.8,19.82,3.39,2.74,1.874,1.899,55.0,5.61,342.5,15.0
2825.7,85.35,325.4,518.7,738.6,82.45,62.77,12.93,1.846,0.115,390.0,7.66,158.6,10.1
1362.8,0.05,272.5,201.4,258.7,75.11,28.99,0.05,1.487,1.412,162.0,6.34,135.8,10.8
4455.1,38.22,656.8,331.3,1050.6,158.43,34.82,26.75,2.127,4.094,749.7,7.64,288.2,12.3
3714.3,25.35,570.4,429.2,882.7,48.3,32.95,16.91,1.776,0.48,393.3,7.17,168.5,14.7
1696.1,36.46,355.0,148.9,349.3,127.82,19.18,3.45,1.773,1.112,285.7,5.83,185.8,10.6
2190.1,59.59,529.8,228.8,378.8,101.62,0.1,11.99,0.716,5.61,264.2,8.3,349.4,12.8
1578.9,67.02,285.9,163.3,281.9,18.73,27.93,3.93,0.414,1.119,222.9,6.86,315.8,9.7
2870.9,36.1,561.1,289.7,473.8,89.47,36.8,5.98,1.882,0.887,,7.7,212.8,13.8
5287.4,66.29,1401.8,369.0,899.3,223.22,120.35,20.89,0.96,1.162,599.1,7.0,87.5,10.7
1650.1,61.46,316.9,189.6,356.4,122.26,10.25,1.44,0.752,1.466,267.0,7.31,176.5,13.2
4033.7,98.62,1250.8,393.6,714.2,71.95,40.53,20.34,2.53,1.999,385.0,6.41,444.2,13.3
2168.6,84.61,451.7,6.1,565.8,129.08,6.39,1.93,1.375,3.226,280.0,6.1,346.7,8.4
1852.5,45.07,170.4,374.4,572.8,125.95,12.9,1.67,4.165,1.203,115.2,7.13,392.4,12.4
2795.5,7.39,608.5,457.2,517.7,76.67,15.5,3.3,2.316,3.402,279.1,6.82,275.6,11.0
1601.8,0.05,318.8,168.1,375.4,55.18,36.79,7.24,0.669,1.526,124.4,6.67,214.9,13.0
2138.4,0.05,522.8,258.2,534.6,41.22,20.13,3.78,2.555,0.826,361.0,7.52,340.5,10.3
1452.8,43.48,310.4,106.3,360.8,52.2,23.24,0.44,2.043,2.146,275.4,7.57,378.2,10.8
9689.9,366.56,1677.1,1820.0,2175.9,380.5,115.83,17.33,0.642,2.53,1025.3,5.64,202.0,14.4
3044.7,145.36,361.7,596.4,805.5,161.96,14.75,8.94,0.847,1.633,,6.52,178.7,14.2
1959.0,63.95,332.1,247.4,487.7,121.07,26.75,1.25,2.459,0.117,132.1,6.74,97.9,10.0
3389.3,126.91,465.9,545.5,494.0,84.86,67.08,2.36,0.161,0.372,442.6,5.79,176.2,15.6
2786.7,31.49,420.7,353.9,758.4,1.82,14.88,20.13,0.078,0.672,267.3,6.21,316.9,7.0
2610.8,6.93,546.8,173.7,713.4,103.32,56.06,3.34,1.687,0.664,256.0,5.65,190.4,12.4
4309.2,141.13,1135.4,446.1,750.7,197.66,35.34,10.14,1.579,2.238,798.0,8.49,343.2,9.4
4696.2,123.35,938.0,588.3,1043.8,211.27,52.3,10.64,1.82,0.037,507.9,7.71,446.7,12.7
2168.3,46.86,260.6,220.8,565.9,72.57,41.73,4.68,1.583,2.819,311.1,5.76,252.5,11.5
2110.1,54.46,426.7,234.8,437.7,89.67,20.45,8.95,2.104,0.617,257.7,5.56,248.4,10.0
2527.5,62.8,606.2,294.1,718.8,177.7,38.67,12.38,3.78,0.742,166.3,7.66,304.9,10.5
749.1,29.41,112.0,87.5,271.0,35.68,9.35,1.79,1.459,1.501,34.6,6.82,192.6,10.4
1201.0,47.35,208.1,146.6,207.6,39.07,19.26,0.63,0.271,0.487,167.5,7.86,185.3,12.2
6769.1,190.64,1223.4,525.1,928.3,203.05,0.1,37.56,0.131,4.316,1273.7,8.27,188.2,13.9
7998.3,261.44,1125.8,730.4,1905.4,292.76,2.9,22.47,1.045,0.178,1060.6,7.3,135.4,15.9
2567.2,71.14,545.3,176.2,675.9,186.73,51.16,16.59,1.072,1.175,372.2,6.06,340.0,11.7
4213.0,55.12,732.9,670.3,868.5,153.08,98.15,0.05,0.337,3.787,353.1,7.85,200.3,12.6
3593.0,112.64,722.1,128.5,1103.8,142.3,27.72,12.18,0.052,1.913,577.0,8.37,361.1,14.4
18907.8,0.05,2564.4,3141.4,2641.1,573.92,246.7,129.28,0.972,0.692,3027.1,7.24,302.9,11.1
5835.7,208.97,922.8,1023.9,1526.5,361.69,101.29,13.38,5.077,1.092,537.8,7.55,247.7,10.4
2760.7,5.75,596.6,297.9,507.0,218.64,56.72,7.04,2.033,2.453,,6.51,331.0,15.9
1680.2,40.81,271.1,26.7,543.0,82.35,0.1,6.03,1.887,7.243,,6.64,155.7,11.6
1137.0,8.33,302.8,120.0,386.1,47.36,9.0,2.14,1.24,4.472,169.4,7.7,172.0,12.4
3368.0,95.32,538.9,395.5,586.0,137.2,41.56,8.0,1.044,0.838,327.0,8.28,321.4,8.8
1893.5,36.91,362.1,150.7,354.1,0.5,39.05,4.4,2.207,12.638,134.3,7.39,30.4,11.0
1269.8,0.05,287.8,126.2,344.9,69.72,44.43,2.22,0.39,0.007,172.8,7.87,,15.8
2022.4,53.21,220.6,366.5,398.0,86.32,26.65,11.04,6.078,0.056,99.4,6.01,309.1,12.9
1557.9,17.65,143.3,228.4,338.5,75.66,5.83,6.11,0.428,3.473,208.3,6.14,381.1,11.9
8203.2,272.49,850.8,681.0,1817.2,211.4,149.45,28.72,2.373,0.445,612.9,7.1,401.5,14.8
5059.3,101.29,1230.1,283.8,530.3,163.47,129.36,23.36,0.477,0.125,334.7,6.03,237.0,8.7
2966.7,76.93,452.2,317.2,650.2,94.28,47.06,7.33,1.618,0.541,363.1,7.4,327.0,11.2
7244.3,40.83,2230.6,807.5,1293.9,437.79,56.12,10.52,2.583,1.111,819.3,6.37,169.6,16.5
3122.6,34.85,474.0,436.7,594.6,101.25,70.77,5.6,0.203,2.623,556.7,7.87,205.7,11.9
1778.0,23.33,336.4,175.3,545.2,145.18,36.11,5.34,0.541,1.958,122.0,7.92,386.8,11.9
7434.4,244.22,1911.4,1044.2,1075.1,361.44,50.49,6.55,0.583,0.543,1301.0,6.89,246.0,14.4
4118.9,186.01,1154.6,813.1,1107.1,59.67,74.35,8.24,1.13,1.399,306.8,6.04,266.0,14.5
1599.8,12.67,452.9,244.2,325.2,59.88,36.76,3.15,1.798,5.213,250.8,7.44,146.7,9.4
2659.2,96.14,639.3,314.0,540.4,71.71,65.03,19.28,5.154,3.375,436.8,8.48,,12.9
1762.7,0.05,407.6,198.6,471.4,0.5,25.5,0.05,0.84,0.781,234.2,7.37,325.4,15.5
1300.3,2.71,272.6,137.5,312.6,93.61,15.78,3.43,4.912,8.064,114.9,5.61,322.3,10.7
5196.3,29.19,1137.6,869.0,1321.1,280.93,128.96,33.52,1.973,2.466,307.0,5.55,128.9,11.3
9373.6,0.05,1428.9,889.6,2606.7,474.9,49.86,30.4,0.41,0.129,393.0,6.46,350.0,12.1
1288.0,0.05,179.2,156.9,257.8,55.78,23.84,5.8,1.245,0.072,250.0,6.09,150.2,13.4
4178.8,109.46,751.5,510.0,765.8,51.65,16.88,13.37,0.277,0.369,451.8,7.94,247.4,9.1
2017.5,33.87,346.0,201.6,312.5,61.19,47.46,3.36,1.046,2.603,153.0,8.03,88.2,7.0
2225.5,57.17,350.2,144.9,379.4,126.49,28.79,0.05,0.977,0.406,165.3,6.28,232.1,12.4
2089.3,63.42,448.8,277.7,829.3,39.64,52.54,7.13,1.642,1.433,264.7,6.48,149.6,14.3
1775.1,42.57,404.3,208.7,523.1,0.5,33.6,2.57,2.38,0.196,185.0,6.21,,11.4
3069.0,91.66,566.0,429.7,426.4,108.82,16.0,4.29,1.338,5.074,132.7,8.23,256.0,10.8
1810.6,34.32,459.7,178.6,254.7,67.29,47.8,3.62,0.47,0.843,279.9,7.01,332.7,11.7
3506.2,7.7,431.0,592.0,872.7,149.75,96.1,22.75,4.152,4.775,467.7,7.47,329.3,15.2
2892.4,103.74,492.6,245.7,731.3,157.84,63.8,22.59,5.401,5.796,560.0,6.75,16.3,10.7
2582.8,28.83,372.3,486.8,653.3,136.25,23.01,8.87,1.22,0.012,427.8,7.39,317.8,13.1
1729.3,10.32,149.9,86.6,354.0,78.12,21.71,3.58,1.9,1.248,-6.8,6.66,270.6,9.7
2108.9,36.55,370.9,289.7,448.1,134.78,34.09,1.36,1.158,0.05,372.6,6.52,194.0,9.8
4690.2,29.59,815.7,652.0,1124.1,45.12,43.95,18.47,1.653,4.787,789.4,7.4,162.0,13.7
4026.1,55.31,1029.4,355.0,906.5,201.67,114.9,26.43,1.731,1.461,,7.27,243.8,15.3
1658.2,41.72,350.8,227.1,144.0,87.1,26.79,4.15,0.344,0.156,170.3,6.38,273.1,13.8
3164.0,79.81,407.5,541.6,652.5,48.12,0.1,0.05,1.065,0.234,431.8,5.95,287.8,7.9
4679.0,30.57,1276.0,146.6,790.4,46.52,82.89,20.31,3.251,0.967,371.7,6.61,230.3,11.2
1094.8,13.89,263.9,153.4,252.4,27.46,13.37,5.44,3.034,5.635,,6.75,-2.4,12.5
4129.9,149.15,863.6,83.7,1648.3,110.55,59.47,0.05,1.046,2.361,660.8,7.39,200.5,12.1
2003.0,54.98,337.9,163.0,484.8,110.3,24.14,6.72,1.76,4.044,281.8,8.24,131.6,8.2
4198.0,214.63,554.3,777.3,844.6,116.32,90.07,16.38,1.124,0.913,391.8,5.61,455.5,9.4
1885.7,71.09,304.3,182.4,519.1,43.13,45.18,5.38,2.455,0.088,,6.23,255.9,10.4
1009.4,37.51,236.6,73.7,251.3,28.03,17.43,1.43,0.2,7.324,133.4,6.08,324.1,11.9
1122.7,0.05,307.9,125.8,275.3,70.02,13.79,5.65,2.212,0.035,146.8,7.01,,8.1
3068.2,96.52,789.0,622.0,786.7,123.53,45.01,6.73,4.364,5.9,,6.79,281.0,13.2
3483.6,66.9,541.9,162.8,1196.3,126.86,52.8,0.1,0.708,0.92,417.1,7.69,208.4,11.8
1732.7,20.33,214.9,135.1,263.6,65.49,14.87,0.05,3.925,0.02,154.3,6.23,195.6,9.9
4372.8,98.48,817.9,786.7,1086.3,287.91,85.84,24.15,1.837,2.337,185.3,7.28,47.9,12.4
1100.0,37.6,100.7,213.7,180.9,27.52,20.55,4.66,1.335,7.879,119.7,8.15,264.2,9.1
2865.1,78.83,562.0,332.0,725.8,189.98,78.28,9.1,1.038,6.741,329.8,8.23,280.0,11.9
1441.4,9.83,248.8,101.5,237.7,63.73,36.1,3.06,4.03,0.351,,8.38,245.2,8.4
2016.1,62.77,315.9,410.9,393.0,74.17,19.18,3.92,1.128,0.4,339.7,7.82,264.3,8.7
3067.0,32.01,307.5,563.6,620.4,276.08,66.13,2.6,4.862,1.667,288.0,8.22,129.4,11.1
1778.9,41.36,365.9,261.8,495.5,33.6,13.15,3.8,4.451,2.028,187.3,6.2,220.6,10.6
2366.7,36.57,363.0,207.1,651.1,77.93,48.68,0.05,0.899,2.69,356.5,6.09,185.0,12.8
5452.2,91.14,662.5,643.6,792.0,83.7,59.25,8.33,1.209,0.399,490.1,5.52,316.5,12.0
2108.8,66.41,76.7,239.5,470.9,124.52,14.37,5.01,0.12,6.389,266.0,7.62,254.1,16.2
4921.7,21.64,879.1,655.7,873.2,363.14,84.85,20.77,1.375,2.036,510.2,8.31,186.0,11.5
1513.5,74.43,406.5,269.5,218.7,111.09,0.1,4.42,1.536,3.755,,6.06,234.0,7.0
4096.5,0.05,1077.6,635.7,847.9,264.14,4.06,18.8,3.523,1.553,615.8,7.41,146.0,7.9
7079.4,78.12,1112.5,544.4,1426.4,255.19,96.14,40.34,4.633,1.07,743.8,7.74,217.2,9.6
676.6,17.29,101.4,118.4,247.4,22.12,10.59,3.46,2.645,7.56,102.6,8.28,308.3,18.8
1848.0,53.16,376.0,244.9,454.6,12.15,22.26,7.28,3.303,1.745,77.4,7.44,116.8,11.9
4214.3,77.93,548.2,621.5,578.8,340.17,9.96,12.74,1.208,4.033,264.7,8.41,243.9,14.2
2639.0,50.51,514.9,471.5,491.2,130.31,22.32,2.74,0.373,6.128,,6.53,175.0,14.0
3724.5,97.43,813.1,281.3,1047.6,112.33,67.52,16.69,1.834,2.25,273.3,6.55,116.8,9.5
2074.8,34.3,500.7,246.0,716.4,138.1,40.78,13.19,3.478,1.592,403.1,7.13,436.5,8.4
3139.9,128.42,549.5,310.0,392.0,64.51,46.69,11.57,0.015,0.007,,6.65,375.4,13.3
2715.1,88.49,461.1,155.5,291.1,130.69,65.85,18.56,1.602,0.082,247.5,5.5,190.2,7.6
6006.9,198.78,817.5,804.1,1995.9,219.54,109.2,0.05,0.647,0.448,908.9,7.7,221.0,14.0
3472.6,19.13,481.5,765.6,845.1,183.26,31.32,2.4,1.659,0.412,545.1,7.76,47.8,11.8
3650.3,68.66,615.7,169.4,612.9,141.37,46.56,17.19,4.69,0.588,,7.74,90.8,13.2
2328.3,36.07,461.9,276.4,586.9,25.57,8.79,8.22,1.462,0.727,512.0,6.54,137.2,12.6
2224.8,10.94,502.1,324.0,137.6,92.36,31.45,12.52,2.507,0.893,291.6,7.07,246.6,12.7
2299.5,58.41,321.6,287.3,506.4,140.22,54.95,6.83,1.819,1.091,313.0,6.58,238.5,12.2
3776.9,45.08,961.7,436.1,905.2,148.87,77.36,4.77,0.691,0.208,528.4,5.55,283.2,12.6
2315.6,69.08,385.4,157.5,637.8,128.52,60.71,5.96,2.135,0.087,323.7,7.19,317.9,12.1
3547.0,14.0,634.7,458.7,564.6,67.71,44.61,0.05,0.36,2.241,337.5,5.87,277.8,9.2
10355.2,474.12,1477.1,929.2,2331.4,408.77,266.84,7.69,1.443,1.542,,5.74,141.9,11.2
5027.5,32.96,295.6,162.9,826.9,138.31,67.64,24.86,3.972,1.174,545.9,7.77,282.4,16.3
2451.3,57.09,549.6,411.3,576.9,134.68,65.63,11.63,1.7,2.013,388.0,5.53,313.5,12.6
6128.6,195.37,1328.9,970.4,1019.1,249.01,90.86,22.84,1.819,3.517,619.0,8.38,207.3,14.3
2333.6,26.7,387.2,284.9,456.2,125.55,48.21,0.05,1.044,1.116,219.1,7.05,65.4,10.0
877.5,28.77,160.9,113.3,140.6,54.19,23.52,2.0,0.223,2.05,172.1,8.45,368.4,10.0
1628.1,2.54,335.1,265.3,421.8,87.64,21.9,0.9,1.164,6.14,188.3,5.67,258.8,9.6
970.2,40.54,98.8,125.1,263.4,44.11,16.25,5.19,2.914,3.66,115.1,7.25,-27.3,9.3
2414.1,48.79,370.7,377.0,497.1,48.37,61.1,4.42,2.022,1.11,317.1,6.55,457.0,8.8
3014.1,33.32,662.2,325.8,670.0,120.4,42.0,2.5,0.387,2.07,675.4,8.03,202.1,12.5
8150.7,126.44,956.0,1405.8,1084.7,239.13,36.13,24.94,0.682,0.39,1685.2,6.58,493.9,11.3
3627.0,116.55,706.1,481.8,732.7,120.12,116.59,6.24,1.175,1.644,,6.28,287.7,13.8
2613.7,29.36,293.2,333.9,567.2,84.97,29.38,15.6,1.256,7.961,612.0,8.07,,11.4
4903.2,42.95,996.9,339.3,1849.7,100.03,79.78,7.5,1.272,1.461,,6.62,,7.2
791.0,13.19,141.0,104.0,121.2,0.67,19.18,0.16,1.449,5.252,115.7,5.55,179.1,12.9
3433.6,8.05,340.8,297.8,1057.0,91.46,34.79,0.05,2.079,1.046,,6.67,256.1,7.9
4734.0,223.96,1127.8,447.2,1324.6,207.67,32.84,13.91,0.976,13.527,233.1,7.46,451.1,12.4
1227.6,14.12,175.9,107.3,290.8,16.0,20.91,2.3,0.53,1.731,170.1,6.26,160.1,10.5
5921.0,192.28,825.9,458.0,1927.4,238.7,3.88,0.84,2.283,0.086,,6.8,303.3,12.5
3652.2,84.52,694.0,748.7,885.0,284.89,46.37,19.64,2.969,1.767,662.3,5.67,178.0,9.1
2323.5,12.16,551.7,402.6,565.4,140.48,39.41,10.07,0.828,0.642,242.1,7.26,233.2,13.6
4357.6,86.76,563.0,857.6,944.8,317.54,55.95,12.83,6.108,0.066,444.1,7.77,447.7,12.1
11642.5,369.77,2131.6,827.6,3416.1,556.77,30.88,66.7,4.503,3.439,2111.0,6.74,302.6,11.3
3324.7,57.1,669.7,408.4,950.1,210.62,92.27,14.38,0.423,0.645,390.3,6.76,324.6,8.6
3459.7,131.11,742.6,236.2,631.3,88.29,54.76,4.69,0.155,3.185,,5.76,257.1,15.6
2262.9,79.93,427.3,208.6,318.7,61.35,59.85,2.09,1.224,0.68,310.0,6.11,519.5,10.2
1790.2,60.48,289.4,149.1,372.0,0.5,23.13,8.3,1.83,0.432,246.2,5.96,155.0,12.5
4905.9,64.29,680.1,832.0,843.8,312.62,39.05,18.61,6.043,7.294,540.8,6.95,92.1,10.1
1783.5,6.78,328.7,185.8,385.6,126.29,30.59,5.96,5.895,0.898,249.9,7.09,418.6,19.6
3111.7,33.6,393.3,506.4,915.6,90.04,41.3,4.07,2.512,1.839,357.0,8.35,211.8,12.3
2238.2,51.35,75.9,322.7,431.0,78.16,12.48,9.44,0.996,1.883,196.6,5.72,291.0,10.8
3973.4,112.0,802.0,842.9,863.9,99.03,106.32,5.92,3.643,1.644,460.2,7.3,421.6,13.2
3641.7,0.05,820.1,221.5,813.8,173.54,36.5,10.18,1.611,4.923,,7.08,292.4,13.5
5555.4,110.43,343.6,946.5,1505.0,347.2,1.54,32.74,0.318,2.244,785.8,7.05,473.1,12.8
2195.1,49.11,284.3,364.1,187.0,11.29,56.25,3.68,0.335,1.034,330.9,8.12,263.6,11.4
2535.3,40.15,534.8,205.5,465.5,122.17,27.8,0.05,1.003,3.967,304.4,6.12,179.2,12.9
1657.0,65.23,468.7,265.6,385.5,57.11,16.8,1.48,3.186,0.399,70.4,5.62,14.7,11.7
2283.4,60.11,413.4,304.7,666.8,96.51,2.0,11.39,0.469,1.572,162.4,7.52,280.1,11.9
3738.3,148.23,536.8,414.6,712.1,183.85,108.14,13.12,1.001,6.014,405.4,6.54,26.4,10.4
4694.7,78.69,802.1,408.6,504.2,170.12,21.99,12.87,4.474,1.964,350.2,5.55,282.5,9.1
1714.2,58.39,426.4,156.4,440.9,65.02,26.51,3.4,2.019,3.396,169.7,6.25,396.0,13.1
5022.9,223.65,741.9,1014.6,913.6,179.43,112.02,19.94,2.223,2.12,490.1,6.43,248.3,13.2
6723.6,266.76,941.6,807.0,999.3,399.43,123.54,8.75,3.277,3.657,664.2,7.35,269.0,14.6
3820.2,13.82,595.4,577.9,697.3,184.8,55.48,13.8,1.021,5.782,678.0,6.02,341.6,12.1
9191.9,148.86,1216.4,812.2,1920.4,408.23,12.75,14.13,4.704,0.637,1083.5,6.74,317.0,11.6
1873.8,27.77,348.8,166.4,344.2,27.32,15.97,2.26,2.574,0.372,294.9,6.95,366.0,9.2
1412.6,38.62,369.0,230.7,123.8,45.81,23.31,2.44,1.295,1.323,178.8,6.88,248.1,11.9
1025.3,31.06,201.1,67.7,280.8,59.44,8.92,2.31,4.052,2.42,181.1,8.42,24.9,12.7
7314.6,54.25,1224.3,756.3,2168.7,298.1,121.62,21.23,2.482,0.515,1176.5,5.64,367.6,8.4
4414.4,92.78,730.2,535.7,1143.7,234.8,90.29,15.32,1.418,0.008,425.3,8.35,226.1,14.1
2883.2,0.05,293.6,358.8,437.5,217.19,65.45,0.05,2.278,0.84,572.2,7.25,162.1,10.6
3526.2,146.79,790.4,397.9,733.1,214.3,18.3,4.88,0.587,6.938,359.0,7.89,283.6,11.6
1517.3,18.68,267.2,206.1,333.2,63.52,49.42,3.36,3.653,2.375,194.2,6.79,268.7,13.2
12931.9,269.47,2211.0,1910.2,3309.6,385.11,273.38,77.72,5.968,1.026,1746.9,6.86,175.1,12.0
3221.3,49.46,1094.1,481.2,837.9,0.5,48.27,2.71,0.208,0.428,449.5,8.14,121.4,14.8
3183.2,118.38,620.5,256.5,560.1,116.61,75.49,10.59,0.818,0.88,483.4,8.19,296.8,13.3
4607.6,0.05,656.2,500.5,1036.3,154.26,156.3,27.6,0.748,0.372,413.4,6.22,165.0,11.7
3978.3,78.57,631.3,667.5,984.4,190.19,13.89,1.49,2.707,0.225,590.7,6.1,261.4,7.0
3409.5,62.78,809.5,531.2,1047.9,125.89,45.0,12.92,1.748,4.745,488.4,6.99,287.3,14.0
1855.1,24.48,344.4,120.7,486.5,62.32,0.1,2.59,0.952,12.107,222.7,8.2,346.8,9.6
3955.6,181.53,427.5,530.3,1057.5,17.45,65.43,7.87,1.103,0.359,444.6,6.47,461.9,13.7
9220.8,61.69,2083.5,376.9,2074.9,195.49,165.27,12.85,0.865,0.112,808.4,7.46,273.7,13.0
6682.5,211.01,979.6,814.4,2035.7,331.01,98.14,10.27,2.439,0.8,930.3,7.62,207.5,11.6
7753.6,196.51,2121.9,1519.0,1896.4,576.23,75.7,65.47,1.723,1.239,725.6,7.84,415.8,13.9
2193.5,85.38,513.3,180.1,369.2,83.46,0.1,10.29,1.051,0.458,284.1,7.19,354.8,13.0
1646.2,16.45,259.5,142.6,500.8,76.64,29.61,8.57,0.882,0.717,190.9,6.71,266.8,12.7
2764.3,24.89,674.6,416.2,723.9,163.23,73.65,11.01,4.106,0.448,184.2,8.4,273.6,8.6
3082.3,112.32,565.3,179.7,596.2,73.3,31.66,0.05,3.581,2.977,254.8,7.33,252.7,12.1
5747.5,151.62,1279.6,544.2,1099.1,272.06,106.45,21.78,2.462,2.494,782.8,7.69,266.2,9.5
1079.8,0.05,220.5,155.3,256.8,27.2,2.65,5.56,3.291,2.015,106.9,6.53,239.8,9.8
7463.1,88.89,1027.5,706.2,1849.3,427.61,139.24,9.65,0.322,0.979,728.9,7.51,152.5,11.3
2711.3,69.94,400.8,299.8,628.6,116.66,32.14,13.37,0.463,4.795,242.5,6.27,250.9,14.9
2307.4,75.14,534.2,345.6,550.7,106.07,20.54,10.17,0.404,6.982,209.5,6.24,425.7,12.7
1624.1,15.94,265.2,222.3,523.0,39.54,14.48,10.89,1.459,0.381,301.6,7.64,168.4,12.9
1104.4,0.05,176.5,144.3,314.0,59.79,13.09,2.39,3.376,0.505,83.1,7.06,222.9,13.5
4884.9,136.04,646.0,519.9,1130.6,399.07,88.22,3.93,0.965,1.492,874.0,7.55,160.8,10.3
3115.0,5.28,626.7,419.9,861.2,61.81,14.03,7.09,3.745,0.191,332.6,6.31,365.7,8.8
1374.7,0.05,389.2,158.2,217.3,45.65,16.25,8.07,0.816,1.147,,7.3,333.0,8.5
1370.5,0.05,173.5,189.6,334.2,61.17,20.1,0.05,1.28,1.744,185.5,6.83,122.2,12.5
2437.0,78.5,441.6,244.0,800.7,135.81,15.13,0.05,0.954,1.477,297.6,7.29,48.2,14.0
8114.5,177.95,2033.6,914.5,1679.0,233.77,238.35,25.79,1.19,0.804,909.6,6.37,336.6,13.8
2551.0,42.39,449.0,205.1,431.5,0.5,20.85,5.39,1.316,1.564,328.6,7.65,116.1,10.3
1209.7,49.4,245.1,143.5,218.8,81.27,11.67,3.65,0.148,6.379,147.0,7.92,332.8,14.7
2572.3,76.04,326.4,225.2,397.7,142.02,18.45,12.58,1.972,0.461,286.5,6.28,186.2,16.1
2531.0,111.98,509.8,190.9,437.6,13.01,74.38,4.8,1.288,2.127,398.4,6.4,319.5,13.2
591.0,0.05,100.9,77.0,116.9,16.46,11.48,0.05,4.696,0.089,,7.48,294.4,15.0
2885.4,56.21,661.6,370.8,391.5,205.91,21.66,20.45,2.364,0.137,240.7,7.59,196.4,13.7
2595.3,0.05,621.2,392.7,573.4,178.96,61.9,2.61,1.899,1.605,,7.61,162.1,11.5
4526.6,74.96,1400.9,465.1,1240.9,266.04,75.17,3.99,4.488,0.222,351.6,7.55,307.6,10.7
9039.6,147.08,1889.1,1232.3,1496.4,329.75,154.2,47.07,4.149,0.045,,6.68,180.7,8.8
5860.2,172.29,1150.3,832.3,1823.4,244.13,71.75,13.07,4.855,0.376,821.7,6.68,360.9,11.1
2536.8,52.47,481.3,349.6,635.8,94.83,22.84,7.29,0.869,1.664,105.3,6.26,166.8,11.5
1534.7,45.04,249.1,133.5,432.5,96.02,27.17,6.09,0.392,2.43,155.1,5.97,285.0,11.6
13960.9,426.53,2749.2,1758.7,2520.4,313.89,148.53,72.14,0.149,0.452,1495.7,7.58,211.0,11.8
3088.8,161.62,510.4,415.6,837.9,73.77,91.22,7.21,3.255,2.207,335.3,5.78,250.6,7.4
3006.0,45.9,566.4,361.6,464.4,180.98,14.57,18.16,0.112,0.403,206.2,8.31,179.9,13.6
2938.1,17.29,722.4,107.4,803.3,114.92,80.18,0.05,1.746,1.901,315.8,7.98,232.1,13.8
3357.2,79.54,435.3,424.4,773.2,226.84,47.37,15.17,0.236,1.062,280.5,8.07,-6.2,12.7
2733.6,21.78,647.9,570.0,692.1,72.63,47.55,3.61,3.635,2.121,291.5,8.22,168.7,9.7
2112.9,89.23,519.5,223.1,315.8,82.2,45.78,12.14,2.211,10.618,108.2,6.73,,12.7
2147.1,33.82,373.8,195.1,357.1,46.27,21.38,7.05,3.618,5.555,229.5,8.04,242.8,12.0
2922.9,33.66,216.0,394.4,747.8,117.35,64.05,4.84,1.778,0.009,266.7,5.97,379.3,12.9
2151.6,27.82,321.9,285.1,350.9,22.44,0.1,9.31,0.527,4.333,235.6,5.56,180.2,15.1
1943.6,59.82,475.9,326.0,481.6,58.79,17.96,9.3,0.93,0.138,256.6,7.85,391.4,11.6
3177.5,56.03,568.3,221.4,438.4,35.83,24.17,13.61,3.004,6.117,375.6,5.72,163.9,12.4
2558.1,26.54,332.6,381.8,693.0,137.83,12.72,2.41,0.206,0.662,388.2,8.47,139.2,10.3
7349.6,330.59,1137.4,1055.5,1073.4,399.31,97.6,14.93,0.855,0.963,775.9,7.52,61.6,13.8
607.5,4.35,134.9,69.5,153.8,3.28,10.99,1.82,0.734,0.192,,7.76,310.7,13.4
5738.2,117.83,1189.7,766.3,1477.8,382.61,118.33,16.74,1.333,0.238,946.8,6.24,258.6,12.4
6295.9,187.52,1058.0,1014.8,1121.9,566.3,106.57,28.33,2.429,2.595,824.4,7.52,304.8,9.9
859.2,0.05,138.9,133.1,219.0,35.16,8.31,0.05,3.547,5.777,102.4,5.63,263.2,10.6
2426.9,66.02,389.3,180.3,571.9,65.96,43.57,8.9,0.295,1.887,331.5,8.01,249.1,8.3
2385.4,9.96,319.4,364.5,447.7,230.16,38.15,5.77,0.57,2.517,315.7,6.01,278.4,10.6
1281.1,41.43,334.1,150.4,204.3,17.45,28.81,1.69,0.343,2.871,205.0,7.59,465.2,13.4
1869.3,10.39,306.3,229.8,191.1,75.52,39.66,2.83,1.383,0.61,283.7,6.17,202.6,12.8
1531.0,46.53,368.7,188.2,368.9,66.74,23.34,3.94,0.4,0.093,233.1,5.71,455.4,12.3
8530.2,312.1,2184.3,972.4,1075.8,570.69,66.72,0.05,1.958,0.004,1038.6,6.94,335.2,15.0
5226.0,172.05,1201.5,876.2,1179.6,246.64,51.09,8.35,3.928,0.864,698.5,6.01,286.5,12.6
6392.8,151.96,1012.7,745.7,1305.4,191.96,67.77,7.98,0.158,0.553,849.6,7.69,305.5,10.8
4596.3,75.98,920.1,345.7,1198.5,96.41,57.35,18.69,0.593,0.129,329.6,6.21,-69.6,10.6
1514.1,17.19,270.7,157.9,305.7,50.21,25.96,2.1,4.893,0.396,,6.53,,11.5
2176.1,91.54,293.4,276.7,435.7,43.22,45.09,5.59,1.704,0.266,115.8,7.2,183.0,11.1
3998.3,38.01,784.5,676.4,1055.2,163.76,58.34,24.33,0.87,4.927,593.7,6.35,461.2,13.9
1431.9,6.36,173.3,206.4,343.8,41.12,21.66,7.14,8.927,0.302,,6.63,215.9,12.8
4572.4,137.08,1094.6,393.1,1092.7,46.27,73.83,21.97,1.099,1.543,496.7,7.95,247.0,11.4
2580.7,20.79,404.6,566.2,640.4,168.01,28.06,5.16,2.351,1.798,,6.04,245.4,11.4
2380.6,13.69,452.5,310.9,304.4,71.53,18.09,9.73,0.623,1.568,325.5,5.75,119.3,13.4
4566.8,0.05,886.7,781.0,1212.1,66.85,4.37,11.56,0.505,0.209,309.1,6.49,194.0,14.0
3891.5,49.64,650.1,443.4,999.1,142.57,36.73,10.15,2.467,0.768,687.4,6.77,331.7,8.3
2400.5,45.03,502.5,339.3,381.7,99.3,45.09,9.17,5.229,0.105,295.0,7.13,36.8,11.7
5976.5,141.32,933.9,917.9,1227.3,30.31,56.04,10.79,0.909,1.007,1270.5,6.62,,12.2
1558.3,53.4,348.4,262.9,339.2,72.67,20.41,9.33,0.462,0.418,236.2,7.87,159.9,13.1
4313.7,120.37,486.2,700.1,914.2,82.21,80.8,11.56,3.212,1.649,526.2,5.62,380.0,12.2
4255.0,72.92,792.8,659.1,1021.3,315.81,81.55,18.03,0.919,2.361,393.2,6.8,,12.8
2475.7,42.15,685.6,265.9,757.3,124.97,15.75,14.63,1.981,1.519,286.1,6.65,98.0,11.5
3625.3,100.25,471.2,352.1,1032.9,116.02,83.3,18.36,0.882,1.139,456.8,7.44,208.4,10.4
1407.2,55.0,205.6,187.6,198.8,35.32,33.8,0.26,1.039,0.98,251.3,8.4,295.4,13.6
5189.6,113.63,1067.5,816.5,1335.4,196.69,30.94,20.19,0.567,3.686,,7.03,219.6,13.6
2667.9,34.58,504.2,296.4,799.7,139.41,22.44,12.54,2.521,0.495,368.3,8.46,264.5,13.3
2178.4,11.13,430.3,354.2,529.8,86.03,53.43,10.42,2.032,2.65,415.6,6.41,248.1,13.7
5593.8,0.05,1143.7,996.3,1596.8,199.46,77.33,4.33,1.972,2.833,220.1,5.59,,10.1
1953.5,58.59,413.6,162.8,665.6,80.42,0.1,3.29,0.697,1.087,270.6,6.0,294.0,11.0
1280.4,36.71,301.5,110.8,360.3,35.75,4.87,6.39,1.883,0.706,218.0,6.69,,14.2
1171.5,33.58,234.9,134.0,275.2,38.82,15.24,1.73,5.764,1.272,166.2,6.45,,12.7
4288.1,77.49,720.1,567.3,1212.3,0.5,24.42,10.29,0.466,0.196,286.0,5.79,141.7,12.1
1382.6,56.83,295.4,136.9,316.2,82.23,16.17,8.51,0.628,0.094,242.8,6.8,396.7,11.5
8543.1,108.82,2349.3,1487.2,1891.7,392.78,130.36,24.81,0.667,0.237,1285.3,6.51,546.2,14.5
854.8,29.34,148.2,117.1,170.0,20.97,22.82,1.32,1.575,0.414,,5.87,217.0,8.5
8249.2,160.19,1082.9,1002.9,2588.6,643.23,104.57,10.27,0.425,1.403,,6.39,254.8,12.6
3383.3,36.79,796.3,211.7,578.2,141.22,79.78,12.4,2.213,3.783,675.8,8.16,351.5,11.9
2812.9,81.26,489.4,189.5,877.5,54.22,74.35,0.94,0.131,0.537,387.6,6.41,350.9,9.5
2149.6,56.2,153.4,282.1,537.4,122.82,56.91,5.39,2.775,5.472,237.2,7.64,267.8,15.2
3787.6,96.03,842.2,131.4,515.3,181.66,65.44,13.89,1.941,6.198,331.6,7.34,152.4,7.0
2914.4,61.84,446.6,467.8,705.5,139.58,0.1,16.32,5.666,6.384,438.0,6.78,431.8,12.2
5779.0,112.29,1014.1,656.9,543.2,181.95,107.99,25.05,0.492,3.635,921.5,6.22,318.1,13.1
3192.4,178.22,627.6,797.2,822.1,156.46,74.66,5.02,3.314,0.905,390.3,6.61,272.1,10.0
3262.3,123.2,618.3,692.6,891.0,113.41,46.82,17.48,1.291,0.151,318.7,7.28,177.7,12.6
2396.7,73.92,516.4,270.2,442.1,122.51,69.4,5.75,1.062,1.682,415.1,6.55,255.8,11.6
2880.8,62.45,455.8,333.4,655.1,5.48,63.03,1.52,0.464,1.636,243.4,6.14,68.6,14.0
3585.6,125.88,737.4,573.1,1209.2,112.31,70.08,9.52,0.895,3.794,712.7,5.85,324.1,19.0
1068.4,29.67,178.4,201.0,202.6,79.53,25.31,6.28,0.937,11.038,96.8,8.14,,12.7
1327.5,27.07,288.0,72.3,207.7,32.74,23.45,4.42,0.238,1.419,91.4,6.82,273.0,13.2
4656.2,71.92,981.4,226.0,1438.3,130.02,0.1,14.09,1.923,0.847,344.5,7.38,,10.0
3302.8,62.05,440.0,314.2,1115.5,102.52,36.35,20.72,1.713,0.411,249.7,6.97,295.2,12.4
2669.4,0.05,625.4,382.6,587.9,41.92,65.61,0.37,2.343,0.01,295.1,8.12,328.7,11.3
3014.1,69.8,461.8,421.6,846.0,0.5,25.74,1.29,0.78,1.423,,7.14,175.7,13.6
3672.2,46.54,809.4,597.8,1103.5,129.95,48.52,0.05,2.861,1.622,,6.94,,9.1
2156.3,94.64,427.7,155.3,378.3,92.11,14.32,8.08,4.089,3.485,334.8,8.27,302.5,9.9
1868.7,37.92,508.1,51.1,356.7,72.79,54.7,6.23,1.143,1.405,207.5,7.66,222.6,14.4
3352.7,7.26,566.0,517.4,985.2,124.39,95.39,20.4,0.504,4.965,818.5,5.83,194.2,12.4
1657.4,31.91,269.4,144.0,532.2,67.72,13.14,5.78,1.503,1.978,,6.03,232.1,14.6
3808.4,16.41,681.8,149.5,966.5,230.24,61.61,8.35,1.441,3.669,441.2,7.86,152.9,12.7
1073.3,29.09,176.9,135.0,179.5,38.84,10.26,3.22,1.201,0.321,74.0,8.01,276.0,13.0
5527.5,134.67,1216.0,838.7,1875.1,157.64,110.11,17.88,2.347,3.867,645.5,7.14,305.8,11.4
3958.3,136.04,392.6,455.7,744.7,136.07,75.51,0.05,1.012,2.249,522.1,7.16,366.9,11.6
3475.9,28.28,442.5,353.5,694.8,179.31,74.71,29.27,0.458,0.373,252.5,7.4,279.7,13.9
5375.5,110.25,680.6,610.8,1293.0,366.83,94.91,21.72,1.63,0.421,537.8,6.82,,11.7
8097.3,0.05,1842.3,851.6,2536.5,222.17,311.61,27.69,2.442,5.221,1077.6,7.54,223.2,14.4
5478.7,167.22,1454.8,362.0,1486.0,229.99,37.13,23.18,2.61,0.065,542.4,5.83,162.6,11.8
987.8,27.44,172.6,90.3,241.9,46.2,1.3,4.36,0.948,1.242,89.5,8.38,207.0,9.6
1383.3,37.95,237.3,194.8,342.8,27.87,16.4,3.76,1.84,0.752,,7.75,392.8,9.5
2049.0,41.03,376.0,272.2,456.1,82.8,5.03,3.56,4.148,2.188,140.8,7.39,313.4,11.7
3028.0,79.4,720.9,383.7,767.6,32.36,9.27,12.71,3.39,3.661,231.6,6.45,290.7,13.8
4066.7,179.2,543.4,326.1,277.5,18.78,28.42,15.34,0.217,0.894,,5.98,68.5,10.7
1928.6,30.32,370.1,217.4,390.0,91.29,14.7,2.66,1.022,1.113,296.7,6.73,281.3,13.5
3334.4,73.62,762.8,109.8,781.9,107.78,24.55,19.47,3.943,8.026,440.9,7.48,117.0,12.2
1894.6,7.03,388.5,240.9,286.0,83.45,36.27,6.8,0.215,3.064,210.4,7.4,124.2,13.2
2065.4,14.41,391.4,365.9,502.3,81.88,22.62,9.21,1.336,4.55,222.6,6.65,135.4,11.4
1281.8,27.52,294.9,78.2,266.3,26.24,17.39,7.41,0.766,1.155,205.6,7.34,172.7,12.4
1713.1,62.63,76.8,165.4,557.3,66.97,37.95,5.21,1.874,0.533,264.4,7.94,333.3,13.9
1324.8,21.4,283.4,176.4,416.5,20.32,11.75,4.81,0.067,1.062,161.6,5.58,272.7,12.0
1659.8,27.32,244.5,282.4,318.8,112.57,21.38,7.67,3.656,2.518,180.7,6.85,155.7,11.0
5609.3,77.95,496.2,572.5,1183.3,72.25,100.55,8.7,1.397,0.232,,7.78,191.9,8.4
1686.4,20.2,346.7,155.7,363.5,60.85,0.1,5.24,0.422,0.631,153.3,7.14,299.8,13.1
14464.2,353.28,3597.0,596.5,2790.1,277.05,0.1,47.02,0.656,0.096,1648.8,7.45,319.8,10.5
4007.8,0.05,693.9,497.5,928.6,206.03,71.21,4.36,1.931,1.132,402.5,7.05,263.4,11.0
3330.6,130.61,758.2,671.7,581.2,111.15,63.07,25.43,0.601,3.514,386.2,8.48,135.3,9.9
1781.1,17.84,464.2,233.5,271.0,52.77,56.13,0.33,5.103,0.05,181.4,5.66,208.7,11.5
4537.7,139.89,1115.1,540.5,1167.8,258.94,73.81,1.83,1.251,2.25,,6.97,,16.2
2110.4,2.0,552.9,280.4,544.0,85.66,45.5,11.88,4.423,5.391,322.3,5.77,128.9,12.7
3207.4,96.33,696.3,383.5,550.8,161.44,43.09,14.2,1.632,0.541,336.2,5.98,287.5,10.7
13850.1,416.6,2545.3,1211.6,3791.1,282.18,240.69,13.13,2.521,2.366,1212.2,6.65,462.1,11.1
2814.0,72.5,281.1,430.3,512.4,33.5,79.74,11.86,2.398,7.386,417.8,5.97,222.7,9.1
5940.6,30.2,996.2,766.5,1397.2,250.36,0.1,35.26,0.87,6.555,,8.39,433.4,9.7
1954.9,46.42,269.5,236.0,526.3,65.73,35.79,5.75,2.547,0.536,205.9,8.34,181.2,9.4
2919.0,6.58,842.3,236.4,636.3,153.33,93.66,23.93,0.95,0.211,510.9,6.51,52.5,12.5
8625.5,139.81,1476.7,1484.8,2133.0,331.24,148.84,0.05,0.186,0.321,840.1,7.42,192.1,12.9
2046.4,72.53,381.0,300.0,386.8,90.25,57.72,8.98,1.148,2.422,82.4,7.1,174.2,12.2
8843.8,282.56,1835.7,865.7,1841.4,66.61,88.14,47.16,0.351,2.587,810.8,7.95,83.0,12.7
4558.1,92.2,830.4,729.6,946.5,354.47,67.2,21.8,0.917,2.243,842.0,7.38,208.3,10.5
2127.1,11.44,563.2,212.9,372.7,78.1,32.48,5.51,1.355,0.819,228.2,5.5,349.1,9.7
4356.6,129.32,648.6,386.5,912.2,235.05,0.1,10.54,0.523,0.372,433.0,7.79,190.6,9.7
5342.9,108.41,1013.7,478.8,679.0,124.37,30.21,20.77,2.256,1.739,646.8,7.74,212.4,9.6
4329.0,0.05,618.5,212.8,824.8,199.83,26.95,20.05,0.938,1.322,694.6,7.03,387.1,12.7
1162.0,36.88,132.5,161.4,235.8,16.2,25.07,4.89,0.337,2.61,135.6,8.21,175.2,16.0
1927.0,37.84,287.9,90.1,394.3,94.5,42.35,9.79,0.532,1.165,276.8,8.23,311.9,9.9
2569.6,97.74,457.8,182.1,528.1,84.49,45.2,2.47,1.544,0.827,288.9,7.07,79.3,11.3
2850.8,10.18,451.9,105.4,616.6,115.69,61.56,7.25,1.1,0.695,410.4,7.32,153.4,12.4
4326.0,0.05,628.9,504.2,1076.2,233.43,59.21,4.85,1.814,0.475,550.3,8.49,228.7,11.4
3316.4,80.21,363.8,378.0,903.6,50.9,81.63,7.39,1.554,0.618,345.2,6.4,370.9,12.7
1337.8,32.61,235.2,143.1,242.2,35.2,20.16,6.73,0.477,0.199,174.3,6.47,158.7,10.8
3744.8,0.05,392.3,293.2,553.5,184.04,57.91,12.04,0.747,0.852,368.1,6.05,157.5,10.6
4299.9,22.89,937.4,314.4,677.1,352.44,55.36,35.32,2.842,0.075,278.9,8.19,277.2,11.6
4170.8,255.79,767.9,578.0,795.7,155.32,85.4,14.13,0.576,0.413,497.2,7.73,293.3,12.7
5701.4,87.89,610.7,558.6,1133.9,295.46,66.31,17.78,4.502,2.747,390.1,5.82,,14.6
4916.5,152.24,809.0,652.2,854.5,186.14,112.15,15.79,0.248,0.787,707.5,8.45,197.8,12.8
3926.5,40.21,559.1,332.1,558.5,309.59,23.33,6.77,2.768,2.207,465.3,7.69,358.7,11.5
2858.1,0.05,560.1,363.7,550.6,14.45,17.74,8.24,1.269,2.524,505.7,8.05,132.0,13.7
1100.4,19.2,271.8,189.4,254.1,46.1,22.56,5.78,0.48,1.741,117.5,5.64,284.1,14.0
3857.5,61.78,332.7,553.3,986.4,28.89,55.13,12.45,1.506,6.374,459.8,7.01,,11.4
3376.6,47.28,627.2,349.5,629.9,0.5,38.39,4.77,0.598,0.043,206.7,7.6,390.3,11.7
3508.5,64.14,603.4,457.1,684.9,161.21,77.61,4.03,0.799,2.684,266.1,7.13,,11.1
1385.7,33.21,295.9,152.9,227.8,59.29,14.05,2.91,0.961,6.378,73.2,7.5,338.1,13.6
1558.3,27.66,297.1,187.5,339.9,53.46,20.88,4.91,2.595,3.965,254.2,7.95,196.2,12.1
5607.7,5.83,798.5,599.9,948.2,212.4,146.89,30.21,0.735,0.368,569.8,6.62,332.5,9.2
2911.0,79.45,477.5,330.2,740.5,296.83,79.51,0.93,1.72,0.791,503.9,8.05,329.8,12.8
4486.8,0.05,629.0,576.5,506.3,156.31,123.74,10.59,2.677,0.379,57.3,5.99,301.9,15.0
3032.0,0.05,708.9,243.4,601.6,152.22,38.64,9.97,1.469,1.839,551.6,6.31,221.7,15.1
3034.7,94.34,549.5,240.8,722.4,81.97,75.4,0.05,1.955,2.491,355.9,5.63,266.3,11.0
5234.2,144.49,1439.7,337.4,1209.3,240.27,38.78,6.98,1.348,0.763,,6.59,64.7,10.6
2187.2,41.86,387.1,122.5,834.6,77.07,16.94,3.59,2.217,1.551,169.5,6.64,425.9,15.8
3157.9,0.05,456.6,225.2,761.0,100.39,0.1,4.45,0.325,2.348,445.6,7.92,189.6,15.1
2258.9,21.19,235.6,285.5,360.9,172.53,64.11,7.64,4.202,1.094,237.3,7.46,216.5,12.9
2296.9,36.88,206.4,193.6,492.2,145.95,18.58,6.15,0.687,3.849,165.9,6.81,118.2,8.6
2476.2,0.05,249.6,348.0,280.9,105.82,34.64,4.68,1.281,2.953,177.5,7.46,317.3,10.8
3406.0,30.36,658.6,413.4,732.8,0.5,26.29,13.13,0.109,0.134,241.8,5.66,302.9,9.8
2236.7,66.62,459.5,92.3,380.3,73.32,45.99,14.42,0.84,1.941,302.4,6.04,220.4,15.6
6332.5,262.23,639.2,925.8,1741.0,595.64,75.96,39.76,1.782,0.537,598.9,7.38,16.5,8.9
1742.8,23.89,391.7,265.7,325.9,61.67,7.95,0.05,4.64,1.631,94.8,7.42,178.8,15.6
2664.8,83.53,415.3,213.8,567.6,165.39,49.39,11.07,2.301,6.288,359.1,7.82,296.0,11.8
2289.7,0.05,428.9,313.2,416.4,157.62,8.08,6.05,0.908,4.225,75.8,6.71,275.1,9.6
7102.4,212.3,1851.0,609.0,2303.5,315.2,58.96,23.51,0.22,1.037,1229.9,7.67,245.4,14.0
3354.1,26.63,754.1,415.6,673.2,77.69,0.1,7.39,3.839,0.689,669.0,7.55,,13.3
5536.4,136.25,922.2,384.3,1826.8,0.5,19.98,17.91,0.865,0.534,373.7,8.39,92.1,9.5
1222.5,19.91,165.6,59.0,328.7,65.63,20.08,4.04,1.778,1.521,198.2,6.15,346.4,11.9
3499.0,139.28,253.4,366.3,871.0,82.94,0.1,6.45,0.911,0.243,468.7,7.16,106.0,14.8
5083.6,34.99,732.3,584.9,1230.9,221.25,16.02,6.14,1.973,1.594,508.4,7.31,229.6,11.2
3131.8,92.12,530.7,326.0,763.0,46.99,46.92,6.58,3.708,0.003,319.0,8.5,146.5,15.4
5649.3,89.3,738.0,410.4,589.4,196.0,60.17,19.59,2.57,0.783,825.8,6.1,349.4,10.5
2185.6,38.52,379.1,227.3,444.3,88.9,67.61,9.17,1.081,0.497,258.8,7.07,308.2,8.8
6943.8,119.73,1276.6,908.1,1879.8,315.05,206.03,32.68,3.909,7.096,112.7,6.54,214.3,12.1
11841.2,86.62,1998.3,1399.7,2570.3,209.63,95.4,23.82,5.421,2.598,2402.8,7.08,319.1,9.1
2397.8,47.45,353.7,305.2,325.4,153.31,46.65,8.55,3.117,0.86,329.3,6.2,100.8,12.2
2281.8,43.49,430.0,212.6,494.8,64.03,47.9,11.24,0.939,0.195,269.1,5.64,242.1,12.0
7129.7,168.39,1440.9,1189.7,2297.5,46.42,72.87,38.01,2.773,1.455,650.7,7.22,144.5,10.5
7690.5,163.56,965.0,561.0,2267.3,290.85,23.35,22.17,3.091,0.48,864.7,6.51,352.5,15.8
2178.3,69.64,545.8,303.9,471.1,88.63,32.46,5.57,1.101,1.538,372.0,6.05,287.4,12.0
2316.7,78.43,405.6,387.5,641.9,100.11,31.55,7.84,5.421,3.608,302.2,6.47,,13.7
2517.3,10.67,455.5,350.5,498.4,169.27,28.98,1.76,3.579,1.913,339.9,5.65,194.7,13.9
1330.5,43.95,286.6,148.9,156.7,46.93,24.67,3.48,1.156,2.009,93.2,8.35,324.5,15.5
1717.8,3.79,329.2,169.8,282.6,64.6,15.45,7.71,0.938,1.558,182.1,7.24,138.3,9.6
1631.9,47.03,371.5,263.5,512.1,29.27,9.44,6.99,3.036,5.242,199.2,7.94,152.6,8.5
1880.6,55.09,365.5,118.6,382.8,106.08,29.85,4.63,6.523,5.374,278.1,6.77,232.5,15.4
2919.6,0.05,436.1,237.1,599.7,127.54,52.81,10.03,0.355,1.438,301.8,8.21,156.5,13.2
3430.7,73.4,679.5,357.1,693.0,108.41,19.17,4.63,2.054,0.73,539.0,6.95,321.0,12.3
7557.5,98.04,928.2,1281.0,2526.1,14.41,169.48,33.31,2.733,1.231,561.0,7.22,202.7,11.7
1637.6,14.11,303.7,221.4,520.0,112.81,1.37,4.66,3.682,0.413,201.1,6.98,141.9,11.4
5380.8,216.65,959.6,437.3,1900.1,83.11,55.83,13.17,2.755,2.023,624.7,7.7,129.0,13.7
2621.8,26.73,444.6,282.1,551.8,73.87,33.92,5.97,0.877,1.387,155.7,7.2,,9.1
2893.8,22.87,502.3,276.1,688.0,136.49,28.68,8.32,0.306,0.218,341.7,6.31,-4.4,13.0
4468.9,94.45,383.9,409.4,576.5,71.81,46.83,9.4,1.044,0.44,432.1,5.94,148.9,14.1
1519.8,46.03,231.9,241.9,469.1,15.4,45.55,6.56,2.68,1.306,268.3,7.32,390.3,13.5
3749.8,67.03,692.4,244.2,562.2,0.5,30.72,8.28,0.785,4.371,388.4,6.97,215.6,11.9
3294.0,123.51,619.3,607.3,767.5,179.26,113.74,20.38,4.134,1.671,441.5,5.79,321.6,12.0
4005.7,112.02,515.2,613.4,617.5,116.55,74.09,23.76,1.243,2.288,283.4,6.69,,14.6
3545.7,0.05,862.6,580.2,654.8,349.42,55.8,4.31,0.734,0.828,,7.04,230.9,13.2
13006.2,156.83,1777.8,1319.9,2208.0,261.59,244.65,40.83,2.251,1.695,1344.8,7.98,,15.5
2033.2,23.53,464.5,231.8,373.1,43.86,71.65,3.45,1.126,1.186,,5.73,117.4,8.5
2167.7,58.94,436.5,135.9,406.8,62.19,15.28,5.09,0.913,2.153,505.8,6.55,115.7,13.8
2051.1,0.05,302.9,203.1,383.8,92.02,12.38,14.37,5.95,0.104,217.1,7.97,,10.4
2136.1,124.39,574.1,298.5,576.7,65.35,19.14,5.09,0.779,1.36,238.2,7.45,317.0,11.9
2033.6,56.87,244.7,349.5,312.6,106.25,31.03,7.57,1.008,0.702,317.4,6.37,162.1,14.8
6084.0,135.27,1374.7,460.6,1419.0,124.28,7.26,24.84,2.279,0.79,543.1,8.04,242.1,10.0
6990.5,263.7,1608.0,736.7,2048.7,86.46,106.11,6.98,4.087,6.484,951.6,6.98,250.8,16.2
2116.6,116.74,310.0,241.2,400.5,8.54,60.42,2.73,2.102,0.403,297.2,7.0,257.8,14.2
1809.1,59.81,451.6,116.1,320.1,0.5,29.33,1.06,1.538,0.746,234.8,8.43,,13.2
3955.4,135.4,662.5,568.2,815.5,117.23,50.07,4.86,6.467,1.426,838.0,8.34,,10.1
2140.2,47.0,416.1,194.8,622.3,72.73,21.52,0.05,0.962,3.976,188.0,6.58,317.8,11.6
4358.0,77.91,841.2,488.9,1009.5,119.28,96.69,17.82,0.967,1.078,791.0,5.92,257.3,11.3
3366.9,43.31,583.4,343.2,633.4,218.41,28.26,23.93,0.791,2.724,467.6,6.48,198.1,9.5
1200.6,9.13,264.8,106.2,299.0,77.51,35.74,3.96,1.993,3.881,,5.59,166.6,14.2
7544.0,73.14,1657.2,903.1,1160.7,251.24,229.84,1.26,0.565,0.742,1008.2,5.56,289.8,11.2
8756.3,0.05,810.6,975.2,2284.4,36.09,149.33,15.01,0.414,0.998,1708.6,6.69,202.6,11.6
2063.8,38.93,506.1,217.0,504.6,59.16,30.77,4.3,1.005,0.882,221.2,8.32,263.4,11.7
2362.3,0.05,228.8,214.6,476.1,66.15,54.91,2.28,0.205,3.578,330.5,8.11,60.1,11.6
3538.7,80.91,819.7,469.9,600.5,95.04,84.07,16.7,1.779,0.091,609.4,7.03,,13.1
3643.4,70.88,861.1,678.2,607.7,94.89,31.16,16.83,1.998,0.738,355.8,7.2,239.1,10.8
4425.4,98.26,555.2,555.8,1115.6,119.18,47.74,3.05,2.296,2.275,708.1,5.52,346.8,14.0
9957.9,121.17,1587.9,1591.7,2925.0,321.33,44.03,44.31,2.871,1.667,1187.5,6.15,157.8,10.8
2680.7,177.34,334.3,172.6,487.2,73.15,48.98,16.23,1.034,1.146,189.3,5.57,101.4,11.9
1846.5,74.6,312.5,233.2,457.0,81.55,37.54,12.57,3.731,1.553,114.4,7.76,294.5,9.4
1303.0,1.74,214.5,99.2,123.5,61.51,5.47,11.38,3.45,0.44,151.6,5.94,243.6,14.1
1922.6,45.17,421.0,117.1,355.5,41.89,21.84,2.3,0.48,1.127,306.9,8.11,77.8,14.7
2922.3,31.79,717.5,264.2,637.5,191.18,12.34,25.27,1.352,1.393,107.7,7.43,82.8,13.4
8749.4,41.85,2185.4,1467.1,1447.3,178.48,68.33,20.05,0.047,4.629,1120.1,6.19,185.3,12.3
2185.1,0.05,331.9,345.3,357.9,16.7,42.41,3.97,3.772,0.604,340.2,5.97,241.6,11.9
3409.3,90.29,578.0,442.3,613.5,162.34,31.13,12.46,2.831,4.047,234.8,7.38,388.9,8.9
2951.7,28.87,282.9,173.2,701.1,69.81,37.17,5.42,4.452,2.067,,8.2,141.9,9.3
6081.7,209.92,849.6,682.1,1269.6,282.35,12.05,23.1,0.246,0.041,869.0,7.66,303.9,13.5
13577.4,473.94,3098.9,1793.1,1163.7,0.5,223.97,4.89,2.152,2.579,,6.55,53.9,11.6
2167.8,88.03,565.3,275.4,201.1,147.08,31.75,5.47,0.847,0.072,399.2,7.26,,9.3
2222.4,16.03,262.9,102.8,408.0,118.78,20.38,12.38,0.105,11.89,214.6,6.43,400.7,9.2
5577.5,151.32,838.7,470.7,1380.2,55.72,75.23,16.1,3.172,4.121,487.3,8.5,264.2,13.3
4487.9,132.33,801.9,527.0,247.5,46.78,73.79,14.73,0.364,0.706,835.2,7.75,183.2,13.7
9027.4,116.34,1751.4,1276.9,1715.4,663.02,76.56,35.66,1.924,0.595,810.7,7.34,373.3,8.9
4231.7,35.65,590.4,136.1,797.4,106.86,13.5,22.6,0.838,0.961,593.7,6.77,284.9,12.3
2402.9,106.07,483.5,272.8,728.8,56.03,70.75,0.05,1.65,0.881,498.2,7.35,265.4,12.8
4248.8,99.47,664.1,534.2,836.6,0.5,42.21,17.71,2.903,0.932,637.8,6.52,148.2,10.8
5797.7,171.26,1039.4,892.8,1408.7,191.23,82.48,14.28,1.654,0.766,877.4,5.59,286.4,14.5
4877.0,37.4,1011.1,720.4,1114.3,172.87,112.59,16.26,0.553,1.941,834.6,6.69,181.5,11.3
4041.5,6.91,728.8,579.2,372.5,219.49,174.72,20.69,6.059,0.359,569.8,8.29,281.1,8.6
5653.4,64.78,894.3,497.5,1504.3,67.94,28.52,3.46,1.048,3.741,,7.38,254.9,11.6
6012.4,109.06,1049.3,262.6,1400.4,57.68,111.82,5.86,0.681,3.347,,5.75,358.4,14.7
6831.5,27.58,1199.5,712.4,1711.3,334.87,63.8,0.05,1.313,1.294,1136.7,8.15,192.4,11.3
4399.4,87.34,710.5,704.2,2004.3,264.56,47.03,8.37,0.254,3.831,600.7,6.31,235.1,9.9
2696.6,0.05,450.5,473.9,256.0,23.13,24.91,15.26,0.748,0.568,164.2,6.23,329.8,13.3
3255.3,10.41,846.1,483.2,1053.0,200.62,19.51,8.98,1.111,0.035,422.3,6.39,226.4,12.5
6148.1,184.84,1279.1,843.4,1246.6,250.54,90.19,1.97,1.772,1.931,204.2,7.23,,12.0
1825.9,53.06,301.7,246.8,433.2,112.91,5.85,3.7,1.484,1.225,271.3,7.13,209.3,13.0
3719.0,52.52,799.0,363.5,808.0,143.54,83.95,0.09,2.157,1.675,411.5,6.97,,10.6
2354.3,11.14,384.5,270.3,458.0,0.5,36.35,1.76,1.363,4.592,462.0,7.65,317.1,10.8
3032.8,13.92,723.8,566.4,563.5,112.09,55.74,11.46,3.419,7.008,423.3,6.45,433.6,13.5
6419.3,92.44,1274.1,528.3,1539.2,392.88,72.35,4.19,2.474,2.013,1007.6,7.85,82.1,10.1
3343.1,99.18,583.8,617.1,431.2,73.97,40.33,17.47,2.018,2.888,,6.03,123.5,15.2
3065.2,103.98,620.3,328.3,812.4,98.82,53.03,8.76,3.864,0.175,451.8,7.85,,14.5
1318.3,16.55,133.7,228.1,257.1,48.09,7.5,4.18,3.864,0.35,124.4,7.49,255.0,9.7
4664.6,12.58,576.8,297.3,709.9,0.5,56.61,11.4,1.583,2.643,763.2,7.55,228.2,15.0
4390.9,105.46,528.2,629.8,847.4,322.41,35.67,19.96,0.999,1.129,330.5,6.94,194.7,12.3
10915.7,83.47,2042.8,988.2,3224.8,239.84,85.97,49.84,1.715,1.181,1357.8,7.5,126.8,14.8
2478.3,30.3,660.8,157.1,465.6,124.2,0.1,9.1,1.258,0.738,182.6,5.74,188.9,12.3
3399.9,135.58,991.3,437.7,821.1,130.1,87.43,14.04,0.96,1.87,425.1,8.05,331.7,11.6
3462.1,112.2,733.6,555.2,609.8,225.56,32.92,8.92,1.657,0.41,695.5,5.67,259.3,11.4
7680.7,171.82,1574.9,662.1,2039.0,369.61,186.7,31.37,1.966,1.972,1143.3,5.95,317.6,7.1
2815.3,2.59,253.2,169.0,735.2,99.38,66.3,6.54,2.377,0.382,,7.23,129.7,13.9
3524.2,81.66,538.7,410.0,1166.2,77.99,16.61,10.59,4.341,0.132,75.8,7.72,,10.6
4293.0,154.29,603.6,500.1,899.2,240.22,27.01,10.52,1.801,0.802,423.2,5.73,193.8,13.9
3334.1,47.9,496.6,473.2,867.3,8.44,118.31,6.95,1.391,0.526,463.4,8.26,297.5,15.3
2280.5,91.83,391.3,360.3,515.1,120.68,66.15,3.7,3.11,4.396,,8.42,,10.8
3349.1,131.93,523.8,393.9,997.2,60.35,49.39,13.18,0.616,0.113,593.1,7.32,196.0,10.7
5677.0,255.22,460.0,1102.6,1004.1,369.26,96.84,31.91,0.208,0.389,697.5,6.94,293.3,14.0
1610.2,39.58,350.0,207.7,426.2,69.6,16.03,8.6,2.127,1.591,,7.72,310.1,11.1
3228.5,93.02,408.0,342.7,672.6,170.73,59.59,1.57,1.044,1.312,413.9,6.49,518.8,14.6
1958.5,80.71,376.0,108.8,423.3,81.55,18.14,10.93,1.122,0.094,,6.98,,10.6
6106.0,163.1,1732.3,668.6,1376.9,30.24,0.1,14.43,0.6,0.015,617.6,8.25,312.4,14.9
1195.2,14.92,160.2,127.3,281.0,27.23,5.29,5.02,3.611,8.857,,8.37,364.5,11.4
2131.6,28.29,114.0,337.7,454.1,113.93,32.33,2.53,0.221,2.151,349.3,8.28,303.2,12.7
3738.1,88.14,619.4,517.7,870.5,161.98,22.25,12.28,2.307,0.91,,6.29,246.1,14.0
7626.0,4.89,1792.5,555.4,2399.8,485.16,110.29,27.66,1.409,1.271,1074.4,6.2,282.6,13.0
2865.6,51.16,796.4,363.6,799.9,137.74,18.35,0.09,4.546,0.62,283.6,6.39,335.5,14.1
2136.4,77.87,253.2,313.8,581.4,44.15,18.67,9.01,3.121,0.846,163.8,6.82,389.1,9.1
9216.0,0.05,1887.8,1669.2,1775.6,221.91,201.14,52.46,0.434,2.094,1310.6,6.44,98.9,11.2
1250.4,53.79,196.0,194.4,208.4,52.59,21.23,3.31,2.475,4.288,,6.62,61.0,12.1
796.9,29.35,139.2,119.9,221.0,0.5,11.89,4.56,2.076,0.407,82.9,7.36,384.8,10.5
3881.6,50.86,1211.9,475.1,1058.0,285.18,85.52,10.17,1.316,3.67,,7.79,170.3,13.9
2205.6,62.09,231.3,298.9,680.1,107.71,41.56,10.36,2.321,0.259,221.2,7.71,84.2,11.0
1615.3,32.38,311.2,274.6,296.8,104.25,42.92,0.05,0.746,0.484,,7.94,74.8,10.5
4559.7,175.32,927.4,304.1,940.3,38.25,51.62,35.74,1.538,0.076,494.7,5.6,430.2,13.9
3450.5,119.87,808.4,365.8,419.7,223.91,39.9,20.67,1.431,0.304,527.0,5.64,337.8,9.9
2125.1,0.05,392.9,189.3,417.5,179.84,9.76,5.17,0.635,4.985,267.4,7.87,170.5,10.0
1382.7,39.84,270.2,186.9,386.9,18.78,16.0,0.05,1.047,1.23,336.7,7.1,174.6,13.0
5031.5,85.11,807.1,851.4,966.1,278.89,114.31,17.99,0.882,0.162,689.2,7.23,255.5,14.7
4403.3,93.54,851.9,423.3,1138.0,176.23,111.84,0.49,1.965,6.424,222.7,5.66,335.9,12.3
2808.7,25.5,457.4,68.5,585.8,25.59,63.71,10.93,3.775,4.224,313.1,6.27,,8.8
9027.1,417.25,1905.4,934.4,2161.5,450.07,5.84,34.51,0.327,2.81,1037.7,7.42,171.4,13.4
1568.6,55.84,253.4,245.5,237.1,88.9,37.12,1.75,2.016,5.42,149.7,8.08,363.5,10.8
1193.5,10.63,237.3,168.9,268.7,33.39,0.35,6.26,0.85,0.497,146.7,8.25,247.4,14.2
1968.2,0.05,351.4,269.9,79.8,124.62,43.66,9.08,2.97,3.62,185.5,7.0,230.8,11.2
2900.5,41.23,685.4,315.6,605.6,19.33,34.97,14.36,1.995,2.342,386.7,7.14,309.2,14.3
3449.6,91.47,612.1,237.5,421.4,34.86,71.13,10.41,0.232,4.077,150.6,8.0,36.4,11.2
2579.3,60.88,235.6,362.7,754.1,110.22,11.2,0.44,1.658,3.188,427.6,7.11,297.4,10.6
3682.1,142.85,895.1,319.0,981.8,149.15,89.73,18.25,1.253,0.851,209.4,7.05,291.1,8.2
1406.8,44.81,189.5,291.7,348.9,36.11,4.61,3.46,0.372,2.978,154.0,8.22,112.1,10.7
7088.7,244.87,1044.2,1012.4,2206.4,398.33,68.42,1.56,0.861,0.609,642.9,7.87,55.9,12.4
2837.6,70.66,426.3,274.6,462.7,143.63,19.91,16.19,1.594,0.797,375.2,8.23,193.6,12.2
5827.7,0.05,1449.5,556.8,1893.1,333.13,5.63,41.95,0.887,0.228,656.6,6.15,268.3,13.2
3661.5,62.48,268.1,425.8,1010.3,137.44,57.69,10.68,3.242,5.469,476.2,7.07,,14.5
3920.8,140.76,1320.9,432.9,806.9,204.08,115.46,28.69,1.242,0.688,644.8,8.03,420.4,12.1
4195.9,80.68,976.8,691.0,1209.0,130.44,152.46,13.35,0.8,1.471,,5.83,268.3,12.1
3899.6,107.42,745.5,497.0,599.1,316.16,61.52,8.73,1.673,0.993,,7.88,110.1,14.2
4383.6,66.71,777.0,397.7,747.5,104.11,104.92,7.62,1.865,6.434,,6.05,224.9,12.5
6617.6,30.13,1285.7,1294.5,1214.2,543.35,111.55,41.52,2.991,0.816,1312.9,7.92,120.1,10.2
3354.0,60.87,691.1,409.1,631.4,136.5,63.7,4.83,1.484,3.015,510.4,7.34,232.1,11.0
4561.5,112.38,968.2,687.7,714.4,56.97,55.94,20.39,1.801,3.868,493.8,6.08,390.9,7.7
2824.7,28.71,586.9,270.2,828.7,190.28,46.78,5.32,2.43,1.144,483.3,6.92,295.9,10.1
7073.2,116.46,1304.9,951.5,1446.3,300.74,136.51,14.71,0.633,0.95,959.5,7.55,177.9,8.6
1986.6,11.74,338.0,263.1,479.1,113.28,20.61,10.05,2.847,2.755,161.9,7.4,,12.7
8782.9,323.11,1514.5,390.1,1631.7,566.3,126.3,19.67,0.386,4.881,990.5,6.78,172.2,14.4
2910.0,45.35,495.4,583.8,322.3,136.07,42.29,6.37,1.578,2.812,177.8,8.2,,10.1
1263.4,52.8,299.0,216.8,298.4,35.57,27.3,6.65,1.603,0.515,36.1,7.06,126.7,10.2
3219.1,138.2,675.0,335.1,338.9,191.58,20.83,19.94,1.568,4.384,,7.02,295.8,13.9
1981.0,37.21,65.3,150.4,427.7,79.27,28.9,8.5,0.345,0.981,247.4,5.69,327.2,11.1
4936.4,24.06,1050.4,661.0,680.7,265.17,149.55,8.34,0.019,1.717,617.1,8.27,,12.5
2015.1,0.05,382.3,248.8,683.6,0.5,48.99,3.99,1.08,3.561,128.0,6.03,284.1,13.5
2280.8,0.05,408.4,306.1,626.5,111.62,58.83,7.21,1.915,0.417,,7.09,384.7,10.6
959.4,0.05,154.0,122.5,217.1,26.12,14.58,3.49,4.184,3.07,171.6,7.91,313.0,10.6
2272.5,92.44,536.8,318.7,672.2,166.04,39.92,2.33,1.939,1.813,281.4,6.15,343.7,11.0
696.2,15.13,158.3,123.9,117.8,36.53,16.03,3.1,0.377,4.476,126.9,7.08,360.2,8.9
1152.5,29.78,162.9,164.5,291.1,51.63,31.67,3.65,1.139,0.377,207.4,6.22,298.7,13.0
4704.4,0.05,942.5,367.0,1091.4,233.93,0.1,0.05,1.207,1.092,702.8,7.78,,13.2
4776.6,9.7,627.7,833.5,1126.5,95.68,21.38,5.46,3.743,3.578,584.5,7.19,,12.2
3847.9,128.16,427.2,714.3,1140.3,278.84,98.03,7.66,1.984,0.039,400.5,8.07,7.3,14.7
1668.7,40.55,248.1,410.6,440.5,133.21,21.33,4.76,0.455,0.238,,8.18,315.1,11.5
2896.8,51.54,646.3,217.4,687.5,138.64,27.89,19.64,0.815,9.327,329.1,7.45,287.5,13.2
2974.5,84.69,677.2,385.8,359.0,213.59,14.77,10.34,2.625,0.658,286.8,7.68,162.5,13.0
1487.7,66.26,306.0,54.6,241.6,42.57,15.71,1.96,1.689,7.422,53.7,7.15,123.8,10.4
7346.9,122.58,1588.8,1044.2,1562.2,176.75,27.78,25.28,1.405,0.403,857.2,6.65,263.1,14.3
5046.3,106.18,1038.6,494.9,1138.5,205.98,160.11,11.59,1.134,0.896,826.9,7.44,321.7,12.3
2610.8,59.76,386.2,514.2,397.3,127.14,38.69,9.53,2.576,2.796,444.8,8.22,302.0,13.9
3029.4,169.29,610.7,269.7,1104.8,97.31,44.04,12.61,0.972,2.145,,6.75,148.0,9.4
3378.0,0.05,743.2,177.1,1050.5,171.45,66.56,18.3,0.781,1.74,285.3,6.44,,12.2
875.6,26.49,190.6,88.6,224.3,40.39,19.88,2.58,2.942,1.51,,6.67,,11.1
2570.1,46.98,615.4,105.3,576.5,51.49,58.0,16.13,0.018,3.709,306.8,6.81,257.3,10.3
1979.9,56.43,426.5,297.1,410.4,99.74,46.7,9.54,0.439,0.536,208.6,5.72,,14.8
1634.4,16.57,322.9,61.1,266.2,93.6,16.27,2.59,0.657,1.168,100.9,7.0,217.7,12.4
2518.3,48.52,588.0,305.1,565.7,109.37,31.77,18.69,3.1,0.338,514.1,6.98,324.0,9.0
8765.8,268.86,1566.2,323.3,2064.0,552.71,185.42,32.03,1.612,1.812,1310.8,7.27,246.0,11.0
4378.7,292.03,595.1,469.3,637.1,68.53,47.21,5.82,0.403,0.577,673.7,6.59,177.7,13.9
2116.0,67.97,363.6,393.0,508.0,104.44,31.65,13.34,0.366,0.812,180.9,7.34,342.8,10.3
4203.0,30.59,600.0,565.0,885.5,69.75,76.45,30.07,3.168,1.274,517.8,8.13,150.7,10.1
